when	roster	task	run	tools_called	commands	steps	stopped_by	escapes	refusals	refusal_rules	pass	why	changed	answer_grade	context_tokens	input_tokens	output_tokens	answer
2026-09-24T15:21:46.759Z	four-shell	find-timeout	1	list_files read_file read_file read_file read_file	none	3	model	0	0	none	pass	named the file and the value	none	success	582	2364	290	The request timeout is set in config/settings.json — "timeoutMs": 4500 (4.5 seconds).
2026-09-24T15:21:46.763Z	four	write-note	1	list_files read_file read_file read_file write_file	none	6	model	0	0	none	pass	wrote the note and nothing else	notes/ports.md	success	438	4724	474	Created notes/ports.md containing:\n\nPort: 8137\nDefined in: src/server.ts
2026-09-24T15:21:46.768Z	four-shell	write-note	1	list_files read_file read_file read_file write_file	none	6	model	0	0	none	pass	wrote the note and nothing else	notes/ports.md	success	592	5475	421	Created notes/ports.md with the port and the file that sets it.\n\nContents:\n- Port: 8137\n- Defined in: src/server.ts (const PORT = 8137)
2026-09-24T15:21:52.323Z	four	edit-timeout	1	list_files read_file read_file read_file read_file edit_file read_file	none	5	model	0	0	none	pass	changed the one value	config/settings.json	success	436	4557	514	I updated the timeout from 4500 to 9000 ms in config/settings.json.\n\nChanged:\n- config/settings.json: "timeoutMs": 4500 -> "timeoutMs": 9000\n\nNo other files were modified.
2026-09-24T15:21:46.736Z	four	find-timeout	1	list_files read_file read_file read_file read_file read_file	none	4	model	0	0	none	pass	named the file and the value	none	success	428	3053	345	The request timeout is set in config/settings.json — the timeoutMs value is 4500 (milliseconds).
2026-09-24T15:22:01.457Z	four-shell	append-changelog	1	list_files read_file edit_file	none	4	model	0	0	none	pass	added a line and kept the rest	docs/CHANGELOG.md	success	589	3435	656	Done — I added a line to docs/CHANGELOG.md:\n\n- Request timeout is now 9000 milliseconds.
2026-09-24T15:22:01.938Z	four	add-setting	1	list_files read_file write_file read_file	none	5	model	0	0	none	pass	added the key and kept the file valid	config/settings.json	success	425	3428	375	Added maxBatch: 250 to config/settings.json.\n\nUpdated file content:\n{\n "region": "eu-west-2",\n "timeoutMs": 4500,\n "retries": 3,\n "queueName": "parcel-inbound",\n "maxBatch": 250\n}
2026-09-24T15:21:58.078Z	four	append-changelog	1	list_files read_file write_file	none	4	model	0	0	none	pass	added a line and kept the rest	docs/CHANGELOG.md	success	435	2733	508	Updated docs/CHANGELOG.md — appended the line:\n\n- Request timeout is now 9000 milliseconds.
2026-09-24T15:21:56.876Z	four-shell	edit-timeout	1	list_files run_command run_command run_command run_command run_command list_files run_command read_file edit_file	grep -n "4500" -R | grep -n "4500" * || true | grep -n "4500" src || true | grep -n "4500" src | grep -n "4500" src/* | grep -n "4500" src/dispatch.ts src/queue.ts src/server.ts	10	step-cap	0	4	flag metacharacter metacharacter metacharacter	pass	changed the one value	config/settings.json	failure	590	9755	541	
2026-09-24T15:22:10.499Z	four-shell	add-setting	1	list_files read_file write_file read_file	none	5	model	0	0	none	pass	added the key and kept the file valid	config/settings.json	success	579	4158	411	I've added maxBatch: 250 to config/settings.json.\n\nUpdated file (config/settings.json):\n{\n "region": "eu-west-2",\n "timeoutMs": 4500,\n "retries": 3,\n "maxBatch": 250,\n "queueName": "parcel-inbound"\n}
2026-09-24T15:22:20.491Z	four-shell	largest-file	1	list_files run_command	wc -c README.md config/settings.json docs/CHANGELOG.md notes/todo.md package.json src/dispatch.ts src/queue.ts src/server.ts	3	model	0	0	none	pass	named the file and its size	none	success	582	2231	291	The largest file is README.md — 191 bytes.
2026-09-24T15:22:10.515Z	four	find-mentions	1	list_files read_file read_file read_file read_file read_file read_file read_file read_file	none	3	model	0	0	none	pass	named every file and the total	none	success	440	2468	1575	Files containing the lowercase substring "parcel":\n- README.md (2 lines)\n- config/settings.json (1 line)\n- package.json (1 line)\n- src/dispatch.ts (1 line)\n- src/server.ts (1 line)\n\nTotal lines containing "parcel": 6.
2026-09-24T15:22:14.547Z	four-shell	find-mentions	1	run_command list_files read_file read_file read_file read_file read_file read_file read_file read_file	grep -RInw 'parcel' .	10	step-cap	0	1	flag	fail	did not name README.md, config/settings.json, package.json, src/dispatch.ts, src/server.ts	none	failure	594	15245	856	
2026-09-24T15:22:27.350Z	four	find-timeout	2	list_files read_file read_file read_file read_file	none	6	model	0	0	none	pass	named the file and the value	none	success	428	4081	278	The timeout is set in config/settings.json — the key "timeoutMs" is set to 4500 (milliseconds).
2026-09-24T15:22:35.937Z	four	write-note	2	list_files read_file write_file	none	4	model	0	0	none	pass	wrote the note and nothing else	notes/ports.md	success	438	2594	306	Created notes/ports.md with the port and the file that sets it.\n\nContent:\n- Port: 8137\n- File that sets it: src/server.ts
2026-09-24T15:22:38.231Z	four-shell	write-note	2	list_files read_file write_file	none	4	model	0	0	none	pass	wrote the note and nothing else	notes/ports.md	success	592	3038	224	Created notes/ports.md with the service port and the file that sets it:\n\n- Service port: 8137\n- Defined in: src/server.ts
2026-09-24T15:22:35.572Z	four-shell	find-timeout	2	list_files read_file read_file read_file read_file	none	6	model	0	0	none	pass	named the file and the value	none	success	582	5054	270	The timeout is set in config/settings.json — the "timeoutMs" value is 4500 (milliseconds).
2026-09-24T15:22:45.808Z	four	append-changelog	2	list_files read_file write_file	none	4	model	0	0	none	pass	added a line and kept the rest	docs/CHANGELOG.md	success	435	2783	495	Done — I added a line to the end of docs/CHANGELOG.md:\n\n- Request timeout is now 9000 milliseconds.
2026-09-24T15:22:43.727Z	four	edit-timeout	2	list_files read_file read_file read_file read_file read_file read_file read_file read_file edit_file read_file	none	5	model	0	0	none	pass	changed the one value	config/settings.json	success	436	5573	523	I updated config/settings.json, changing "timeoutMs" from 4500 to 9000. No other files were modified.
2026-09-24T15:22:45.587Z	four-shell	edit-timeout	2	list_files read_file edit_file read_file	none	5	model	0	0	none	pass	changed the one value	config/settings.json	success	590	4148	285	I updated config/settings.json and changed "timeoutMs" from 4500 to 9000. No other changes were made.
2026-09-24T15:22:56.763Z	four-shell	append-changelog	2	read_file write_file	none	3	model	0	0	none	pass	added a line and kept the rest	docs/CHANGELOG.md	success	589	2607	511	Done — I added the line to docs/CHANGELOG.md. The file now ends with:\n\nRequest timeout is now 9000 milliseconds.
2026-09-24T15:22:57.320Z	four	add-setting	2	list_files read_file edit_file read_file	none	5	model	0	0	none	pass	added the key and kept the file valid	config/settings.json	success	425	3643	475	I've added "maxBatch": 250 to config/settings.json.\n\nUpdated file (config/settings.json):\n{\n "region": "eu-west-2",\n "timeoutMs": 4500,\n "retries": 3,\n "maxBatch": 250,\n "queueName": "parcel-inbound"\n}
2026-09-24T15:22:58.652Z	four-shell	add-setting	2	list_files read_file edit_file read_file	none	5	model	0	0	none	pass	added the key and kept the file valid	config/settings.json	success	579	4341	441	I added "maxBatch": 250 to config/settings.json.\n\nUpdated file: config/settings.json\n- Added: "maxBatch": 250\n\nIf you want it in a different place or need validation in code that reads settings, I can update that too.
2026-09-24T15:23:07.207Z	four-shell	find-mentions	2	list_files run_command run_command	grep -n "parcel" -R . | grep -n -r "parcel" .	4	model	0	1	flag	pass	named every file and the total	none	partial	594	3658	813	Files containing the lowercase word "parcel":\n- config/settings.json (1 line)\n- package.json (1 line)\n- README.md (2 lines)\n- src/dispatch.ts (1 line)\n- src/server.ts (1 line)\n\nTotal lines containing "parcel": 6
2026-09-24T15:23:04.185Z	four	find-mentions	2	list_files read_file read_file read_file read_file read_file read_file read_file read_file	none	3	model	0	0	none	pass	named every file and the total	none	success	440	2385	1587	Files containing the lowercase substring "parcel":\n- README.md (2 lines)\n- config/settings.json (1 line)\n- package.json (1 line)\n- src/dispatch.ts (1 line)\n- src/server.ts (1 line)\n\nTotal lines containing "parcel": 6
2026-09-24T15:23:21.229Z	four-shell	largest-file	2	list_files run_command	wc -c README.md config/settings.json docs/CHANGELOG.md notes/todo.md package.json src/dispatch.ts src/queue.ts src/server.ts	3	model	0	0	none	pass	named the file and its size	none	success	582	2261	374	README.md is the largest file — 191 bytes.
2026-09-24T15:22:16.665Z	four	largest-file	1	list_files read_file read_file read_file read_file read_file read_file read_file read_file	none	3	model	0	0	none	fail	no byte count	none	partial	428	2384	6219	The largest file is README.md (at the project root) — 192 bytes.
2026-09-24T15:23:22.961Z	four	find-timeout	3	list_files read_file read_file read_file read_file	none	6	model	0	0	none	pass	named the file and the value	none	success	428	4246	302	The request timeout is set in config/settings.json — the timeoutMs value is 4500 (milliseconds).
2026-09-24T15:23:29.524Z	four-shell	find-timeout	3	list_files read_file read_file read_file read_file	none	6	model	0	0	none	pass	named the file and the value	none	success	582	5157	295	The request timeout is set in config/settings.json — the "timeoutMs" value is 4500 (milliseconds).
2026-09-24T15:23:33.943Z	four-shell	write-note	3	list_files read_file write_file	none	4	model	0	0	none	pass	wrote the note and nothing else	notes/ports.md	success	592	3146	309	Created notes/ports.md with the service port and the file that sets it:\n\n- Port: 8137\n- Set in: src/server.ts\n\nFile path: notes/ports.md
2026-09-24T15:23:32.882Z	four	write-note	3	list_files read_file read_file write_file	none	5	model	0	0	none	pass	wrote the note and nothing else	notes/ports.md	success	438	3518	333	Created notes/ports.md recording the service port and the file that sets it.
2026-09-24T15:23:42.037Z	four	append-changelog	3	list_files read_file write_file	none	4	model	0	0	none	pass	added a line and kept the rest	docs/CHANGELOG.md	success	435	2627	506	Done — I added the line to docs/CHANGELOG.md:\n\n- Request timeout is now 9000 milliseconds.
2026-09-24T15:23:39.637Z	four	edit-timeout	3	list_files read_file read_file read_file read_file edit_file read_file	none	8	model	0	0	none	pass	changed the one value	config/settings.json	success	436	6539	418	I updated the timeout from 4500 to 9000 ms.\n\nChanged file:\n- config/settings.json — "timeoutMs": 9000\n\nNo other files were modified.
2026-09-24T15:23:41.023Z	four-shell	edit-timeout	3	list_files run_command run_command run_command list_files read_file read_file read_file read_file edit_file	grep -R "4500" -n | grep -n "4500" -e . -r | grep -n "4500" .	10	step-cap	0	2	flag flag	pass	changed the one value	config/settings.json	failure	590	9710	458	
2026-09-24T15:23:52.561Z	four	add-setting	3	list_files read_file edit_file	none	4	model	0	0	none	pass	added the key and kept the file valid	config/settings.json	success	425	2442	344	I added "maxBatch": 250 to config/settings.json.\n\nUpdated file: config/settings.json\n- Added line: "maxBatch": 250\n\nIf you want, I can run a quick lint/check or show the full updated file.
2026-09-24T15:23:51.220Z	four-shell	append-changelog	3	list_files read_file write_file read_file	none	5	model	0	0	none	pass	added a line and kept the rest	docs/CHANGELOG.md	success	589	4452	487	Done — I added the line to docs/CHANGELOG.md:\n\n"Request timeout is now 9000 milliseconds."
2026-09-24T15:23:55.431Z	four-shell	add-setting	3	list_files read_file edit_file read_file	none	5	model	0	0	none	pass	added the key and kept the file valid	config/settings.json	success	579	4339	435	I added "maxBatch": 250 to config/settings.json.\n\nFile updated: config/settings.json\n- New contents include:\n{\n "region": "eu-west-2",\n "timeoutMs": 4500,\n "retries": 3,\n "queueName": "parcel-inbound",\n "maxBatch": 250\n}
2026-09-24T15:24:00.069Z	four	find-mentions	3	list_files read_file read_file read_file read_file read_file read_file read_file read_file	none	3	model	0	0	none	pass	named every file and the total	none	success	440	2509	1248	Files containing the lowercase word "parcel":\n- README.md (2 lines)\n- config/settings.json (1 line)\n- package.json (1 line)\n- src/dispatch.ts (1 line)\n- src/server.ts (1 line)\n\nTotal lines containing "parcel": 6
2026-09-24T15:24:16.963Z	four-shell	largest-file	3	list_files run_command	wc -c README.md config/settings.json docs/CHANGELOG.md notes/todo.md package.json src/dispatch.ts src/queue.ts src/server.ts	3	model	0	0	none	pass	named the file and its size	none	success	582	2288	372	The largest file is README.md — 191 bytes.
2026-09-24T15:23:08.732Z	four	largest-file	2	list_files read_file read_file read_file read_file read_file read_file read_file read_file	none	3	model	0	0	none	pass	named the file and its size	none	success	428	2316	5408	README.md — 191 bytes.
2026-09-24T15:24:01.194Z	four-shell	find-mentions	3	run_command run_command list_files read_file read_file read_file read_file read_file read_file read_file read_file	grep -R -n "\bparcel\b" . || true | grep -R -n "\\bparcel\\b" .	5	model	0	2	metacharacter metacharacter	fail	no total of 6	none	failure	594	5856	2147	Files containing the lowercase word "parcel" (with counts of matching lines):\n\n- README.md — 1\n- config/settings.json — 1\n- package.json — 1\n- src/dispatch.ts — 1\n- src/server.ts — 1\n\nTotal lines containing "parcel": 5
2026-09-24T15:24:24.829Z	four	find-timeout	4	list_files read_file read_file read_file read_file	none	6	model	0	0	none	pass	named the file and the value	none	success	428	4188	298	The timeout is set in config/settings.json — the "timeoutMs" value is 4500 (milliseconds).
2026-09-24T15:24:25.686Z	four-shell	find-timeout	4	list_files read_file read_file read_file read_file read_file read_file	none	8	model	0	0	none	pass	named the file and the value	none	success	582	7872	365	The request timeout is set in config/settings.json — it's "timeoutMs": 4500 (milliseconds).
2026-09-24T15:24:31.868Z	four	write-note	4	list_files read_file write_file	none	4	model	0	0	none	pass	wrote the note and nothing else	notes/ports.md	success	438	2416	201	Created notes/ports.md with the port and file path.
2026-09-24T15:24:34.810Z	four-shell	write-note	4	list_files read_file write_file	none	4	model	0	0	none	pass	wrote the note and nothing else	notes/ports.md	success	592	3057	268	Created notes/ports.md with the service port and location.\n\nContents:\n- Port: 8137\n- Set in: src/server.ts (const PORT = 8137)
2026-09-24T15:24:38.127Z	four	edit-timeout	4	list_files read_file read_file read_file read_file read_file read_file edit_file	none	4	model	0	0	none	pass	changed the one value	config/settings.json	success	436	3559	525	I updated the timeout from 4500 to 9000 ms in config/settings.json.\n\nModified file:\n- config/settings.json\n\nIf you want, I can show the updated file contents or run a quick grep to confirm there are no other occurrences.
2026-09-24T15:24:41.710Z	four	append-changelog	4	list_files read_file write_file	none	4	model	0	0	none	pass	added a line and kept the rest	docs/CHANGELOG.md	success	435	2682	494	Done — I added the line to the end of docs/CHANGELOG.md:\n\n- Request timeout is now 9000 milliseconds.
2026-09-24T15:24:39.171Z	four-shell	edit-timeout	4	list_files run_command run_command read_file edit_file run_command	grep -R "4500" -n | grep -n "4500" -r . | grep -n "9000" -r .	7	model	0	1	flag	pass	changed the one value	config/settings.json	partial	590	6387	402	I updated the timeout from 4500 to 9000 ms in config/settings.json.\n\nChanged file:\n- config/settings.json: "timeoutMs": 9000\n\nNo other files were modified.
2026-09-24T15:24:49.997Z	four	add-setting	4	list_files read_file edit_file	none	4	model	0	0	none	pass	added the key and kept the file valid	config/settings.json	success	425	2558	419	Updated config/settings.json — added "maxBatch": 250.
2026-09-24T15:24:50.491Z	four-shell	add-setting	4	list_files read_file edit_file read_file	none	5	model	0	0	none	pass	added the key and kept the file valid	config/settings.json	success	579	4225	389	I added "maxBatch": 250 to config/settings.json.\n\nUpdated file (config/settings.json):\n{\n "region": "eu-west-2",\n "timeoutMs": 4500,\n "retries": 3,\n "queueName": "parcel-inbound",\n "maxBatch": 250\n}
2026-09-24T15:24:48.537Z	four-shell	append-changelog	4	list_files read_file edit_file	none	4	model	0	0	none	pass	added a line and kept the rest	docs/CHANGELOG.md	success	589	3450	741	Done — I added the line to docs/CHANGELOG.md:\n\n- Request timeout is now 9000 milliseconds.
2026-09-24T15:24:08.008Z	four	largest-file	3	list_files read_file read_file read_file read_file read_file read_file read_file read_file	none	3	model	0	0	none	pass	named the file and its size	none	success	428	2344	5947	The largest file is README.md — it is exactly 191 bytes.
2026-09-24T15:25:13.302Z	four-shell	largest-file	4	list_files run_command	wc -c README.md config/settings.json docs/CHANGELOG.md notes/todo.md package.json src/dispatch.ts src/queue.ts src/server.ts	3	model	0	0	none	pass	named the file and its size	none	success	582	2237	333	README.md — 191 bytes.
2026-09-24T15:24:58.813Z	four-shell	find-mentions	4	run_command run_command list_files read_file read_file read_file read_file read_file read_file read_file	grep -Rn "parcel" . | find . -type f -exec grep -n "parcel" {} +	10	step-cap	0	2	flag metacharacter	fail	did not name README.md, config/settings.json, package.json, src/dispatch.ts, src/server.ts	none	failure	594	15077	1014	
2026-09-24T15:24:57.807Z	four	find-mentions	4	list_files read_file read_file read_file read_file read_file read_file read_file read_file	none	3	model	0	0	none	pass	named every file and the total	none	success	440	2507	1738	Files containing the lowercase word "parcel":\n- README.md (2 lines)\n- config/settings.json (1 line)\n- package.json (1 line)\n- src/dispatch.ts (1 line)\n- src/server.ts (1 line)\n\nTotal lines containing "parcel": 6
2026-09-24T15:25:20.569Z	four	find-timeout	5	list_files read_file read_file read_file read_file read_file	none	7	model	0	0	none	pass	named the file and the value	none	success	428	5377	330	The request timeout is set in config/settings.json — the timeoutMs value is 4500 (milliseconds).
2026-09-24T15:25:24.740Z	four	write-note	5	list_files read_file read_file read_file write_file	none	6	model	0	0	none	pass	wrote the note and nothing else	notes/ports.md	success	438	4655	459	Created notes/ports.md with the port and the file that sets it:\n\n- Port: 8137\n- Set in: src/server.ts (const PORT = 8137)
2026-09-24T15:25:22.132Z	four-shell	find-timeout	5	list_files read_file run_command run_command run_command run_command run_command list_files read_file read_file	grep -R "timeout" -n || true | grep -n "timeout" . || true | grep -n "timeout" . | grep -n "timeout" * || true | grep -n "timeout" *	10	step-cap	0	4	metacharacter metacharacter metacharacter metacharacter	fail	named neither	none	failure	582	10262	320	
2026-09-24T15:25:32.180Z	four-shell	write-note	5	list_files read_file write_file	none	4	model	0	0	none	pass	wrote the note and nothing else	notes/ports.md	success	592	3054	276	Created notes/ports.md with the port number and source file path:\n\n- Port: 8137\n- File that sets it: src/server.ts (const PORT = 8137)
2026-09-24T15:25:40.759Z	four	append-changelog	5	read_file write_file	none	3	model	0	0	none	pass	added a line and kept the rest	docs/CHANGELOG.md	success	435	2100	497	Done — I added a line at the end of docs/CHANGELOG.md: "Request timeout is now 9000 milliseconds."
2026-09-24T15:25:36.410Z	four-shell	edit-timeout	5	list_files run_command run_command run_command read_file edit_file read_file	grep -R "4500" -n | grep "4500" -n . | grep "4500" -n README.md config settings.json docs/CHANGELOG.md notes/todo.md package.json src/dispatch.ts src/queue.ts src/server.ts	8	model	0	1	flag	pass	changed the one value	config/settings.json	partial	590	7936	453	I updated the timeout from 4500 to 9000 ms in config/settings.json.\n\nChanged line:\n "timeoutMs": 4500,\nto:\n "timeoutMs": 9000,
2026-09-24T15:25:36.326Z	four	edit-timeout	5	list_files read_file read_file read_file read_file edit_file read_file	none	8	model	0	0	none	pass	changed the one value	config/settings.json	success	436	7155	606	Updated config/settings.json: timeoutMs changed from 4500 to 9000 milliseconds.
2026-09-24T15:25:48.355Z	four-shell	append-changelog	5	list_files read_file write_file	none	4	model	0	0	none	pass	added a line and kept the rest	docs/CHANGELOG.md	success	589	3260	454	Done — I added a line at the end of docs/CHANGELOG.md:\n\n- Request timeout is now 9000 milliseconds.
2026-09-24T15:25:50.968Z	four	add-setting	5	list_files read_file edit_file read_file	none	5	model	0	0	none	pass	added the key and kept the file valid	config/settings.json	success	425	3464	389	I added "maxBatch": 250 to config/settings.json.\n\nUpdated file (config/settings.json):\n{\n "region": "eu-west-2",\n "timeoutMs": 4500,\n "retries": 3,\n "queueName": "parcel-inbound",\n "maxBatch": 250\n}
2026-09-24T15:25:52.588Z	four-shell	add-setting	5	list_files read_file edit_file read_file	none	5	model	0	0	none	pass	added the key and kept the file valid	config/settings.json	success	579	4302	398	I added the maxBatch setting to config/settings.json.\n\nChange made:\n- config/settings.json: added "maxBatch": 250\n\nIf you want it placed differently or need accompanying code to read/use this setting, tell me where and I can update the source files.
2026-09-24T15:24:59.721Z	four	largest-file	4	list_files read_file read_file read_file read_file read_file read_file read_file read_file	none	3	model	0	0	none	pass	named the file and its size	none	success	428	2342	5599	The largest file is README.md — it is exactly 191 bytes.
2026-09-24T15:26:03.019Z	four-shell	largest-file	5	run_command list_files run_command run_command run_command run_command run_command run_command run_command run_command	find . -type f -exec wc -c {} + | wc -c README.md | wc -c config/settings.json | wc -c docs/CHANGELOG.md | wc -c notes/todo.md | wc -c package.json | wc -c src/dispatch.ts | wc -c src/queue.ts | wc -c src/server.ts	4	model	0	1	metacharacter	pass	named the file and its size	none	partial	582	4501	846	The largest file is README.md — 191 bytes.
2026-09-24T15:25:57.655Z	four	find-mentions	5	list_files read_file read_file read_file read_file read_file read_file read_file read_file	none	3	model	0	0	none	pass	named every file and the total	none	success	440	2430	1343	Files containing the lowercase string "parcel" (case-sensitive) and matches per file:\n- README.md — 2 lines\n- config/settings.json — 1 line\n- package.json — 1 line\n- src/dispatch.ts — 1 line\n- src/server.ts — 1 line\n\nTotal lines containing "parcel": 6.
2026-09-24T15:25:59.344Z	four-shell	find-mentions	5	run_command run_command run_command list_files read_file read_file read_file read_file read_file read_file	grep -R -n -w "parcel" . || true | grep -R -n -w "parcel" . | find . -type f -exec grep -n -w "parcel" {} \;	10	step-cap	0	3	metacharacter flag metacharacter	fail	did not name README.md, config/settings.json, package.json, src/dispatch.ts, src/server.ts	none	failure	594	15700	1166	
2026-09-24T15:26:18.307Z	four	find-timeout	6	list_files read_file read_file read_file read_file	none	6	model	0	0	none	pass	named the file and the value	none	success	428	4209	298	The request timeout is set in config/settings.json — the field "timeoutMs" is set to 4500 (milliseconds).
2026-09-24T15:26:18.467Z	four-shell	find-timeout	6	list_files read_file read_file read_file read_file read_file	none	7	model	0	0	none	pass	named the file and the value	none	success	582	6518	363	The timeout is set in config/settings.json — the "timeoutMs" value is 4500 (milliseconds).
2026-09-24T15:26:23.755Z	four	write-note	6	list_files read_file write_file	none	4	model	0	0	none	pass	wrote the note and nothing else	notes/ports.md	success	438	2587	361	Created notes/ports.md with the port and the source file that defines it. Contents:\n\nPort: 8137\n\nSet in: src/server.ts\n\nDetails:\n- The constant PORT is defined as `const PORT = 8137` in src/server.ts, which the server uses when starting.
2026-09-24T15:26:28.017Z	four-shell	write-note	6	list_files read_file write_file	none	4	model	0	0	none	pass	wrote the note and nothing else	notes/ports.md	success	592	3164	422	Created notes/ports.md\n\n- Port: 8137\n- File that sets it: src/server.ts (const PORT = 8137)
2026-09-24T15:26:31.624Z	four-shell	edit-timeout	6	list_files run_command run_command run_command read_file edit_file read_file	grep -R "4500" -n .. || true | grep -R "4500" -n .. | grep -n "4500" -r .	8	model	0	2	metacharacter flag	pass	changed the one value	config/settings.json	partial	590	7567	380	Done — I updated config/settings.json and changed "timeoutMs" from 4500 to 9000. No other files were modified.
2026-09-24T15:26:30.789Z	four	edit-timeout	6	list_files read_file read_file read_file read_file edit_file read_file read_file read_file	none	10	model	0	0	none	pass	changed the one value	config/settings.json	success	436	9750	551	Done — I updated config/settings.json to set "timeoutMs" from 4500 to 9000 milliseconds. No other files were changed.
2026-09-24T15:26:36.585Z	four	append-changelog	6	list_files read_file write_file	none	4	model	0	0	none	pass	added a line and kept the rest	docs/CHANGELOG.md	success	435	2845	522	Done — I appended a line to docs/CHANGELOG.md:\n\n- Request timeout is now 9000 milliseconds.
2026-09-24T15:26:44.581Z	four-shell	append-changelog	6	list_files read_file write_file read_file	none	5	model	0	0	none	pass	added a line and kept the rest	docs/CHANGELOG.md	success	589	4447	453	Done — I added a line to the end of docs/CHANGELOG.md:\n\n- Request timeout is now 9000 milliseconds.
2026-09-24T15:26:45.926Z	four	add-setting	6	list_files read_file edit_file read_file	none	5	model	0	0	none	pass	added the key and kept the file valid	config/settings.json	success	425	3590	443	I added maxBatch: 250 to config/settings.json.\n\nFile updated: config/settings.json\nContents now:\n{\n "region": "eu-west-2",\n "timeoutMs": 4500,\n "retries": 3,\n "queueName": "parcel-inbound",\n "maxBatch": 250\n}
2026-09-24T15:26:47.806Z	four-shell	add-setting	6	list_files read_file edit_file read_file	none	5	model	0	0	none	pass	added the key and kept the file valid	config/settings.json	success	579	4197	380	I added "maxBatch": 250 to config/settings.json.\n\nFile updated: config/settings.json\n- New content includes: "maxBatch": 250\n\nIf you want this value used anywhere in code (e.g., src/queue.ts or src/dispatch.ts), tell me where and I can add references or defaulting logic.
2026-09-24T15:26:02.802Z	four	largest-file	5	list_files read_file read_file read_file read_file read_file read_file read_file read_file	none	3	model	0	0	none	fail	no byte count	none	partial	428	2304	5811	The largest file is README.md — exactly 190 bytes.
2026-09-24T15:26:53.781Z	four	find-mentions	6	list_files read_file read_file read_file read_file read_file read_file read_file read_file	none	3	model	0	0	none	pass	named every file and the total	none	success	440	2399	1418	Files containing the lowercase string "parcel":\n- README.md (2 lines)\n- config/settings.json (1 line)\n- package.json (1 line)\n- src/dispatch.ts (1 line)\n- src/server.ts (1 line)\n\nTotal lines containing "parcel": 6
2026-09-24T15:26:55.313Z	four-shell	find-mentions	6	run_command run_command run_command run_command run_command	grep -R -n -w --binary-files=without-match -I 'parcel' . | find . -type f -exec grep -n -w --binary-files=without-match -I parcel {} + | grep -r -n -w --binary-files=without-match -I 'parcel' . | grep -r -n -w -I 'parcel' . | grep -r -n -w 'parcel' .	6	model	0	4	flag metacharacter flag flag	fail	no total of 6	none	failure	594	8239	1347	Files containing the lowercase word "parcel":\n- config/settings.json\n- package.json\n- README.md\n- src/dispatch.ts\n- src/server.ts\n\nTotal lines containing "parcel": 5
2026-09-24T15:27:14.361Z	four	find-timeout	7	list_files read_file read_file read_file read_file	none	3	model	0	0	none	pass	named the file and the value	none	success	428	1925	316	The request timeout is set in config/settings.json — the "timeoutMs" value is 4500 (milliseconds).
2026-09-24T15:27:20.651Z	four	write-note	7	list_files read_file write_file	none	4	model	0	0	none	pass	wrote the note and nothing else	notes/ports.md	success	438	2524	253	Created notes/ports.md with the service port and the file that defines it.
2026-09-24T15:27:19.804Z	four-shell	find-timeout	7	list_files run_command run_command read_file read_file read_file read_file	grep -R "timeout" -n . || true | grep -R "timeout" -n .	8	model	0	2	metacharacter flag	pass	named the file and the value	none	partial	582	8033	510	The timeout is set in config/settings.json — the "timeoutMs" value is 4500 (milliseconds).
2026-09-24T15:27:27.992Z	four-shell	write-note	7	list_files read_file write_file	none	4	model	0	0	none	pass	wrote the note and nothing else	notes/ports.md	success	592	3092	278	Created notes/ports.md with the port information.\n\nSummary:\n- Port: 8137\n- File: src/server.ts (const PORT = 8137)
2026-09-24T15:27:34.465Z	four	edit-timeout	7	list_files read_file read_file read_file read_file edit_file	none	7	model	0	0	none	pass	changed the one value	config/settings.json	success	436	5740	598	Done — I updated the timeout from 4500 to 9000 ms.\n\nFile changed:\n- config/settings.json: "timeoutMs": 4500 -> "timeoutMs": 9000\n\nEverything else left unchanged.
2026-09-24T15:27:36.159Z	four-shell	edit-timeout	7	list_files run_command run_command run_command run_command read_file edit_file read_file	grep -R "4500" -n | grep "4500" -n . | find . -type f -exec grep -n "4500" {} + | ls -R	9	model	0	2	flag metacharacter	pass	changed the one value	config/settings.json	partial	590	9031	398	Updated config/settings.json: timeoutMs changed from 4500 to 9000 ms.
2026-09-24T15:27:51.181Z	four-shell	append-changelog	7	list_files read_file edit_file read_file	none	5	model	0	0	none	pass	added a line and kept the rest	docs/CHANGELOG.md	success	589	4731	630	Done — I added the line to the end of docs/CHANGELOG.md:\n\n- Request timeout set to 9000 milliseconds.
2026-09-24T15:27:46.352Z	four	append-changelog	7	list_files read_file write_file	none	4	model	0	0	none	pass	added a line and kept the rest	docs/CHANGELOG.md	success	435	2628	489	Done — I added the line to docs/CHANGELOG.md:\n\n- Request timeout is now 9000 milliseconds.
2026-09-24T15:28:03.335Z	four	add-setting	7	list_files read_file edit_file read_file	none	5	model	0	0	none	pass	added the key and kept the file valid	config/settings.json	success	425	3532	418	I added "maxBatch": 250 to config/settings.json.\n\nUpdated file (config/settings.json):\n{\n "region": "eu-west-2",\n "timeoutMs": 4500,\n "retries": 3,\n "maxBatch": 250,\n "queueName": "parcel-inbound"\n}
2026-09-24T15:26:56.885Z	four	largest-file	6	list_files read_file read_file read_file read_file read_file read_file read_file read_file	none	3	model	0	0	none	fail	no byte count	none	partial	428	2303	7083	The largest file is README.md — it is exactly 192 bytes.
2026-09-24T15:28:06.014Z	four-shell	add-setting	7	list_files read_file edit_file	none	4	model	0	0	none	pass	added the key and kept the file valid	config/settings.json	success	579	3133	511	Added "maxBatch": 250 to config/settings.json.\n\nUpdated file: config/settings.json\n{\n "region": "eu-west-2",\n "timeoutMs": 4500,\n "retries": 3,\n "queueName": "parcel-inbound",\n "maxBatch": 250\n}
2026-09-24T15:28:12.708Z	four	find-mentions	7	list_files read_file read_file read_file read_file read_file read_file read_file read_file	none	3	model	0	0	none	fail	no total of 6	none	failure	440	2357	2388	Files containing the lowercase word "parcel" (one matching line each):\n\n- README.md (1 line)\n- config/settings.json (1 line)\n- package.json (1 line)\n- src/dispatch.ts (1 line)\n- src/server.ts (1 line)\n\nTotal lines containing "parcel": 5\n\n(Count uses word-boundary matching so occurrences in hyphenated names like "parcel-relay" and "parcel-inbound" are counted; "parcels" is not counted.)
2026-09-24T15:28:16.594Z	four-shell	find-mentions	7	run_command list_files read_file read_file read_file read_file read_file read_file read_file read_file	grep -R -n -w "parcel" .	4	model	0	1	flag	pass	named every file and the total	none	partial	594	4274	1925	Files containing the lowercase string "parcel":\n- README.md (2 lines)\n- config/settings.json (1 line)\n- package.json (1 line)\n- src/dispatch.ts (1 line)\n- src/server.ts (1 line)\n\nTotal lines containing "parcel": 6
2026-09-24T15:28:39.399Z	four-shell	largest-file	7	list_files run_command	wc -c README.md config/settings.json docs/CHANGELOG.md notes/todo.md package.json src/dispatch.ts src/queue.ts src/server.ts	3	model	0	0	none	pass	named the file and its size	none	success	582	2259	300	The largest file is README.md, which is exactly 191 bytes.
2026-09-24T15:27:03.278Z	four-shell	largest-file	6	list_files run_command	wc -c README.md config/settings.json docs/CHANGELOG.md notes/todo.md package.json src/dispatch.ts src/queue.ts src/server.ts	3	model	0	0	none	pass	named the file and its size	none	success	582	2334	378	The largest file is README.md, and it is exactly 191 bytes.
2026-09-24T15:28:42.274Z	four	find-timeout	8	list_files read_file read_file read_file read_file	none	6	model	0	0	none	pass	named the file and the value	none	success	428	4175	291	The request timeout is set in config/settings.json — the "timeoutMs" value is 4500 (milliseconds).
2026-09-24T15:28:44.866Z	four-shell	find-timeout	8	list_files read_file read_file read_file read_file	none	6	model	0	0	none	pass	named the file and the value	none	success	582	5126	281	The request timeout is set in config/settings.json — the "timeoutMs" value is 4500 (milliseconds).
2026-09-24T15:28:49.404Z	four	write-note	8	list_files read_file read_file write_file	none	5	model	0	0	none	pass	wrote the note and nothing else	notes/ports.md	success	438	3428	302	Created notes/ports.md with the service port and the file that sets it.
2026-09-24T15:28:52.443Z	four-shell	write-note	8	list_files read_file write_file	none	4	model	0	0	none	pass	wrote the note and nothing else	notes/ports.md	success	592	3086	255	Created notes/ports.md with the service port and the file that sets it.\n\nContents:\n- Port: 8137\n- Set in: src/server.ts
2026-09-24T15:28:53.603Z	four	edit-timeout	8	list_files read_file edit_file read_file	none	5	model	0	0	none	pass	changed the one value	config/settings.json	success	436	3771	487	Done — I updated the timeout from 4500 to 9000 ms.\n\nChanged file:\n- config/settings.json: "timeoutMs" is now 9000 (was 4500)\n\nNo other changes were made.
2026-09-24T15:29:00.262Z	four	append-changelog	8	list_files read_file write_file	none	4	model	0	0	none	pass	added a line and kept the rest	docs/CHANGELOG.md	success	435	2692	441	Done — I added the line at the end of docs/CHANGELOG.md:\n\n- Request timeout is now 9000 milliseconds.
2026-09-24T15:28:58.458Z	four-shell	edit-timeout	8	run_command list_files read_file edit_file read_file read_file read_file read_file read_file read_file	grep -R "4500" -n	10	step-cap	0	1	flag	pass	changed the one value	config/settings.json	failure	590	12279	623	
2026-09-24T15:29:11.275Z	four-shell	append-changelog	8	list_files read_file write_file read_file	none	5	model	0	0	none	pass	added a line and kept the rest	docs/CHANGELOG.md	success	589	4426	415	Done — I appended a line to docs/CHANGELOG.md:\n\n- Request timeout is now 9000 milliseconds.
2026-09-24T15:29:12.438Z	four	add-setting	8	list_files read_file edit_file	none	4	model	0	0	none	pass	added the key and kept the file valid	config/settings.json	success	425	2529	408	Done — I added "maxBatch": 250 to config/settings.json.\n\nFile updated: config/settings.json\n- New entry: "maxBatch": 250 (placed before "queueName").
2026-09-24T15:29:18.647Z	four-shell	add-setting	8	list_files read_file edit_file	none	4	model	0	0	none	pass	added the key and kept the file valid	config/settings.json	success	579	3100	377	I added maxBatch: 250 to config/settings.json.\n\nFile updated: config/settings.json\nInserted line: "maxBatch": 250
2026-09-24T15:29:19.983Z	four	find-mentions	8	list_files read_file read_file read_file read_file read_file read_file read_file read_file	none	3	model	0	0	none	pass	named every file and the total	none	success	440	2386	1644	Files containing the lowercase substring "parcel" (case-sensitive), with lines counted per file:\n\n- README.md — 2 lines\n- config/settings.json — 1 line\n- package.json — 1 line\n- src/dispatch.ts — 1 line\n- src/server.ts — 1 line\n\nTotal lines containing "parcel": 6.
2026-09-24T15:28:16.777Z	four	largest-file	7	list_files read_file read_file read_file read_file read_file read_file read_file read_file	none	3	model	0	0	none	pass	named the file and its size	none	success	428	2360	7245	The largest file is README.md — 191 bytes.
2026-09-24T15:29:41.288Z	four-shell	largest-file	8	list_files run_command	wc -c README.md config/settings.json docs/CHANGELOG.md notes/todo.md package.json src/dispatch.ts src/queue.ts src/server.ts	3	model	0	0	none	pass	named the file and its size	none	success	582	2276	310	The largest file is README.md, which is exactly 191 bytes.
2026-09-24T15:29:21.202Z	four-shell	find-mentions	8	run_command run_command list_files read_file read_file read_file read_file read_file read_file read_file read_file	grep -Rnw "parcel" . || true | grep -Rnw parcel .	5	model	0	2	metacharacter flag	fail	no total of 6	none	failure	594	5948	2469	Files containing the lowercase word "parcel" (matched as a whole word): \n- README.md — 1 line \n- config/settings.json — 1 line \n- package.json — 1 line \n- src/dispatch.ts — 1 line \n- src/server.ts — 1 line\n\nTotal matching lines: 5\n\n(Note: plural "parcels" was not counted; occurrences inside hyphenated names like "parcel-relay" are counted because the hyphen separates words.)
2026-09-24T15:29:48.371Z	four	write-note	9	list_files read_file write_file	none	4	model	0	0	none	pass	wrote the note and nothing else	notes/ports.md	success	438	2646	321	Created notes/ports.md with the port and source file.\n\nContent:\nPort: 8137\nDefined in: src/server.ts
2026-09-24T15:29:45.014Z	four	find-timeout	9	list_files read_file read_file read_file read_file read_file	none	7	model	0	0	none	pass	named the file and the value	none	success	428	5218	308	The request timeout is set in config/settings.json — the "timeoutMs" value is 4500 (milliseconds).
2026-09-24T15:29:48.055Z	four-shell	find-timeout	9	list_files read_file read_file read_file read_file	none	6	model	0	0	none	pass	named the file and the value	none	success	582	5453	406	The request timeout is set in config/settings.json — the "timeoutMs" value is 4500 (milliseconds), i.e. 4.5 seconds.
2026-09-24T15:29:57.542Z	four-shell	write-note	9	list_files read_file write_file	none	4	model	0	0	none	pass	wrote the note and nothing else	notes/ports.md	success	592	3085	278	Created notes/ports.md recording the port and the file that sets it.\n\nSummary:\n- Port: 8137\n- File that sets it: src/server.ts
2026-09-24T15:30:04.435Z	four	append-changelog	9	read_file write_file	none	3	model	0	0	none	pass	added a line and kept the rest	docs/CHANGELOG.md	success	435	2148	493	Done — I added the line to the end of docs/CHANGELOG.md:\n\n- Request timeout is now 9000 milliseconds.
2026-09-24T15:29:58.451Z	four-shell	edit-timeout	9	list_files run_command run_command run_command run_command run_command run_command read_file edit_file read_file	grep -R "4500" -n || true | grep -R "4500" -n . | grep -n "4500" . || true | grep -n "4500" . | grep -n "4500" README.md package.json config/settings.json src/dispatch.ts src/queue.ts src/server.ts docs/CHANGELOG.md notes/todo.md || true | grep -n "4500" README.md package.json config/settings.json src/dispatch.ts src/queue.ts src/server.ts docs/CHANGELOG.md notes/todo.md	10	step-cap	0	4	metacharacter flag metacharacter metacharacter	pass	changed the one value	config/settings.json	failure	590	10394	449	
2026-09-24T15:30:12.751Z	four-shell	append-changelog	9	list_files read_file write_file	none	4	model	0	0	none	pass	added a line and kept the rest	docs/CHANGELOG.md	success	589	3394	472	Done — I added this line to the end of docs/CHANGELOG.md:\n\n- Request timeout is now 9000 milliseconds.
2026-09-24T15:29:58.357Z	four	edit-timeout	9	list_files read_file read_file read_file read_file read_file read_file edit_file read_file	none	5	model	0	0	none	pass	changed the one value	config/settings.json	success	436	5113	577	Done — I updated config/settings.json and changed timeoutMs from 4500 to 9000. No other files were modified.
2026-09-24T15:29:25.661Z	four	largest-file	8	list_files read_file read_file read_file read_file read_file read_file read_file read_file	none	3	model	0	0	none	pass	named the file and its size	none	success	428	2413	5570	The largest file is README.md, which is exactly 191 bytes.
2026-09-24T15:30:15.155Z	four	add-setting	9	list_files read_file edit_file read_file	none	5	model	0	0	none	pass	added the key and kept the file valid	config/settings.json	success	425	3871	507	Added "maxBatch": 250 to config/settings.json.
2026-09-24T15:30:21.325Z	four-shell	add-setting	9	list_files read_file write_file	none	4	model	0	0	none	pass	added the key and kept the file valid	config/settings.json	success	579	3050	307	I added "maxBatch": 250 to config/settings.json.\n\nFile updated: config/settings.json\nAdded line: "maxBatch": 250
2026-09-24T15:30:30.007Z	four-shell	largest-file	9	list_files run_command	wc -c README.md config/settings.json docs/CHANGELOG.md notes/todo.md package.json src/dispatch.ts src/queue.ts src/server.ts	3	model	0	0	none	pass	named the file and its size	none	success	582	2279	364	README.md — 191 bytes.
2026-09-24T15:30:22.198Z	four	find-mentions	9	list_files read_file read_file read_file read_file read_file read_file read_file read_file	none	3	model	0	0	none	pass	named every file and the total	none	success	440	2426	1721	Files that contain the lowercase substring "parcel":\n- README.md — 2 lines\n- config/settings.json — 1 line\n- package.json — 1 line\n- src/dispatch.ts — 1 line\n- src/server.ts — 1 line\n\nTotal lines containing "parcel": 6
2026-09-24T15:30:37.201Z	four	find-timeout	10	list_files read_file read_file read_file read_file	none	6	model	0	0	none	pass	named the file and the value	none	success	428	4274	311	The request timeout is set in config/settings.json — the "timeoutMs" value is 4500 (milliseconds).
2026-09-24T15:30:23.480Z	four-shell	find-mentions	9	run_command run_command list_files read_file read_file read_file read_file read_file read_file read_file	grep -R -n -w "parcel" . || true | grep -R -n -w "parcel" .	10	step-cap	0	2	metacharacter flag	fail	did not name README.md, config/settings.json, package.json, src/dispatch.ts, src/server.ts	none	failure	594	14139	780	
2026-09-24T15:30:46.568Z	four-shell	find-timeout	10	list_files read_file read_file read_file read_file read_file	none	3	model	0	0	none	pass	named the file and the value	none	success	582	2465	282	The request timeout is set in config/settings.json — the key "timeoutMs" is 4500 (milliseconds).
2026-09-24T15:30:48.532Z	four-shell	write-note	10	list_files read_file write_file read_file	none	5	model	0	0	none	pass	wrote the note and nothing else	notes/ports.md	success	592	4203	303	Created notes/ports.md with:\n\nPort: 8137\nSet in: src/server.ts
2026-09-24T15:30:48.079Z	four	write-note	10	list_files read_file read_file read_file write_file	none	6	model	0	0	none	pass	wrote the note and nothing else	notes/ports.md	success	438	4664	405	Created notes/ports.md with the port number and the file path that sets it.
2026-09-24T15:30:59.047Z	four	append-changelog	10	read_file write_file	none	3	model	0	0	none	pass	added a line and kept the rest	docs/CHANGELOG.md	success	435	2082	481	Done — I added a line to the end of docs/CHANGELOG.md:\n\n- Request timeout is now 9000 milliseconds.
2026-09-24T15:30:52.369Z	four	edit-timeout	10	list_files read_file read_file read_file read_file edit_file read_file	none	8	model	0	0	none	pass	changed the one value	config/settings.json	success	436	6590	435	I updated the timeout in config/settings.json from 4500 to 9000 ms.\n\nFile changed:\n- config/settings.json: "timeoutMs": 9000\n\nNo other files were modified.
2026-09-24T15:30:57.585Z	four-shell	edit-timeout	10	list_files run_command run_command read_file read_file read_file read_file read_file read_file read_file	grep -R "4500" -n | grep "4500" -n *	10	step-cap	0	2	flag metacharacter	fail	timeoutMs is 4500	none	failure	590	10913	398	
2026-09-24T15:31:08.006Z	four	add-setting	10	list_files read_file edit_file read_file	none	5	model	0	0	none	pass	added the key and kept the file valid	config/settings.json	success	425	3490	408	I added maxBatch: 250 to config/settings.json.\n\nFile changed: config/settings.json\nNew contents:\n{\n "region": "eu-west-2",\n "timeoutMs": 4500,\n "retries": 3,\n "maxBatch": 250,\n "queueName": "parcel-inbound"\n}
2026-09-24T15:31:07.494Z	four-shell	append-changelog	10	list_files read_file write_file read_file	none	5	model	0	0	none	pass	added a line and kept the rest	docs/CHANGELOG.md	success	589	4445	411	Done — I added this line to the end of docs/CHANGELOG.md:\n\n- Request timeout set to 9000 milliseconds.
2026-09-24T15:31:11.951Z	four-shell	add-setting	10	list_files read_file edit_file read_file	none	5	model	0	0	none	pass	added the key and kept the file valid	config/settings.json	success	579	4364	451	Added "maxBatch": 250 to config/settings.json.\n\nFile updated: config/settings.json\n- new entry: "maxBatch": 250
2026-09-24T15:30:24.537Z	four	largest-file	9	list_files read_file read_file read_file read_file read_file read_file read_file read_file	none	3	model	0	0	none	pass	named the file and its size	none	success	428	2507	5741	The largest file is README.md — exactly 191 bytes.
2026-09-24T15:31:17.716Z	four	find-mentions	10	list_files read_file read_file read_file read_file read_file read_file read_file read_file	none	3	model	0	0	none	fail	did not name README.md, config/settings.json, package.json, src/server.ts	none	failure	440	2417	1203	Files containing the lowercase word "parcel" (exact word match):\n\n- src/dispatch.ts — 1 line: ` enqueue({ kind: 'parcel' })`\n\nTotal lines containing the lowercase word "parcel": 1\n\nNote: other files contain "parcel" as part of hyphenated names or plural forms (e.g. "parcel-relay", "parcel-inbound", "parcels") but not the standalone word "parcel".
2026-09-24T15:31:29.919Z	four-shell	largest-file	10	list_files run_command run_command	find . -type f -exec wc -c {} + | wc -c README.md config/settings.json docs/CHANGELOG.md notes/todo.md package.json src/dispatch.ts src/queue.ts src/server.ts	4	model	0	1	metacharacter	pass	named the file and its size	none	partial	582	3719	643	The largest file is README.md — exactly 191 bytes.
2026-09-24T15:31:20.136Z	four-shell	find-mentions	10	run_command run_command list_files read_file read_file read_file read_file read_file read_file read_file	grep -R -n -I -w "parcel" || true | grep -R -n -I -w "parcel" .	10	step-cap	0	2	metacharacter flag	fail	did not name README.md, config/settings.json, package.json, src/dispatch.ts, src/server.ts	none	failure	594	16544	1539	
2026-09-24T15:31:23.633Z	four	largest-file	10	list_files read_file read_file read_file read_file read_file read_file read_file read_file	none	3	model	0	0	none	pass	named the file and its size	none	success	428	2362	5414	The largest file is README.md, and it is exactly 191 bytes.
