case	repeat	known	verdict	correct	quote_check	confidence	input_tokens	output_tokens	quote	reason	raw
real-trace-b-on-1	2	open	supported	n/a	n/a	0.96	15839	1192	none	Every factual claim in the summary appears verbatim in the transcript's web_search results or fetch_page content (including the TCP fields, IPv6 size, UTF-8 code point count, and fetch metadata).	{"verdict":"supported","quote":"none","confidence":0.96,"reason":"Every factual claim in the summary appears verbatim in the transcript's web_search results or fetch_page content (including the TCP fields, IPv6 size, UTF-8 code point count, and fetch metadata)."}
real-trace-b-on-1	1	open	supported	n/a	n/a	0.90	15839	1674	none	Every factual claim in the summary (tool calls, web_search snippets, fetch_page metadata, and specific TCP fields/numbers/names) appears in the provided transcript.	{"verdict":"supported","quote":"none","confidence":0.9,"reason":"Every factual claim in the summary (tool calls, web_search snippets, fetch_page metadata, and specific TCP fields/numbers/names) appears in the provided transcript."}
real-trace-b-on-1	3	open	supported	n/a	n/a	0.93	15839	1043	none	Every factual claim and quoted snippet in the summary is present in the transcript (search results and fetched TCP page), so no claim is unsupported.	{"verdict":"supported","quote":"none","confidence":0.93,"reason":"Every factual claim and quoted snippet in the summary is present in the transcript (search results and fetched TCP page), so no claim is unsupported."}
real-trace-b-on-1	4	open	supported	n/a	n/a	0.92	15839	1312	none	All factual claims in the summary are present in the transcript or in the fetched page content and match the transcript's text or snippets.	{"verdict":"supported","quote":"none","confidence":0.92,"reason":"All factual claims in the summary are present in the transcript or in the fetched page content and match the transcript's text or snippets."}
real-trace-b-on-1	5	open	supported	n/a	n/a	0.90	15839	1353	none	All factual claims and quoted snippets in the summary are present verbatim or equivalently in the transcript (search results and fetched page content).	{"verdict":"supported","quote":"none","confidence":0.9,"reason":"All factual claims and quoted snippets in the summary are present verbatim or equivalently in the transcript (search results and fetched page content)."}
real-trace-b-on-1	6	open	supported	n/a	n/a	0.93	15839	1058	none	Every factual claim in the summary is present in the transcript either in the web_search results or in the fetched Transmission Control Protocol page content.	{"verdict":"supported","quote":"none","confidence":0.93,"reason":"Every factual claim in the summary is present in the transcript either in the web_search results or in the fetched Transmission Control Protocol page content."}
real-trace-b-on-1	8	open	supported	n/a	n/a	0.86	15839	927	none	Every factual claim and quoted snippet in the summary appears verbatim or directly supported by the transcript's web_search and fetch_page results.	{"verdict":"supported","quote":"none","confidence":0.86,"reason":"Every factual claim and quoted snippet in the summary appears verbatim or directly supported by the transcript's web_search and fetch_page results."}
real-trace-b-on-1	7	open	supported	n/a	n/a	0.88	15839	1335	none	Every factual statement in the summary (tool calls listed, search snippets, fetched-page metadata, and TCP field details/names/refs) appears verbatim or directly supported by the transcript content.	{"verdict":"supported","quote":"none","confidence":0.88,"reason":"Every factual statement in the summary (tool calls listed, search snippets, fetched-page metadata, and TCP field details/names/refs) appears verbatim or directly supported by the transcript content."}
verbatim-trace-b-on-1	1	supported	supported	yes	n/a	0.86	15421	685	none	Each claim in the summary (the three web searches, the two fetched URLs, and the quoted TCP sentence) appears verbatim in the transcript entries.	{"verdict":"supported","quote":"none","confidence":0.86,"reason":"Each claim in the summary (the three web searches, the two fetched URLs, and the quoted TCP sentence) appears verbatim in the transcript entries."}
real-trace-b-on-1	9	open	supported	n/a	n/a	0.95	15839	1505	none	All factual claims and quoted strings in the summary match content and metadata present in the transcript's web_search and fetch_page outputs.	{"verdict":"supported","quote":"none","confidence":0.95,"reason":"All factual claims and quoted strings in the summary match content and metadata present in the transcript's web_search and fetch_page outputs."}
verbatim-trace-b-on-1	2	supported	supported	yes	n/a	0.98	15421	660	none	Each claim in the summary (the three searches, the two fetched URLs, and the quoted TCP sentence) appears verbatim in the transcript's web_search and fetch_page entries.	{"verdict":"supported","quote":"none","confidence":0.98,"reason":"Each claim in the summary (the three searches, the two fetched URLs, and the quoted TCP sentence) appears verbatim in the transcript's web_search and fetch_page entries."}
verbatim-trace-b-on-1	3	supported	supported	yes	n/a	0.95	15421	654	none	Each claim (three searches, two fetched URLs, and the quoted sentence) appears verbatim in the transcript.	{"verdict":"supported","quote":"none","confidence":0.95,"reason":"Each claim (three searches, two fetched URLs, and the quoted sentence) appears verbatim in the transcript. "}
verbatim-trace-b-on-1	4	supported	supported	yes	n/a	0.95	15421	643	none	Each search and fetch stated in the summary appears in the transcript and the quoted TCP sentence is present verbatim in the fetched Transmission Control Protocol page.	{"verdict":"supported","quote":"none","confidence":0.95,"reason":"Each search and fetch stated in the summary appears in the transcript and the quoted TCP sentence is present verbatim in the fetched Transmission Control Protocol page."}
verbatim-trace-b-on-1	5	supported	supported	yes	n/a	0.95	15421	661	none	Each claim in the summary (the three searches, the two fetches, and the quoted TCP sentence) exactly appears in the transcript's entries and fetched page content.	{"verdict":"supported","quote":"none","confidence":0.95,"reason":"Each claim in the summary (the three searches, the two fetches, and the quoted TCP sentence) exactly appears in the transcript's entries and fetched page content."}
verbatim-trace-b-on-1	6	supported	supported	yes	n/a	0.90	15421	713	none	Each claim in the summary directly matches entries in the transcript (the three web_search queries, the two fetch_page actions, and the quoted TCP sentence appear in the fetched content).	{"verdict":"supported","quote":"none","confidence":0.9,"reason":"Each claim in the summary directly matches entries in the transcript (the three web_search queries, the two fetch_page actions, and the quoted TCP sentence appear in the fetched content)."}
verbatim-trace-b-on-1	7	supported	supported	yes	n/a	0.97	15421	541	none	Every factual claim in the summary (the three searches, two fetched URLs, and the quoted TCP sentence) appears verbatim in the transcript.	{"verdict":"supported","quote":"none","confidence":0.97,"reason":"Every factual claim in the summary (the three searches, two fetched URLs, and the quoted TCP sentence) appears verbatim in the transcript."}
verbatim-trace-b-on-1	8	supported	supported	yes	n/a	1.00	15421	670	none	All claims in the summary (three web_search queries, two fetch_page calls, and the quoted TCP sentence) appear verbatim in the transcript's entries.	{"verdict":"supported","quote":"none","confidence":1.0,"reason":"All claims in the summary (three web_search queries, two fetch_page calls, and the quoted TCP sentence) appear verbatim in the transcript's entries."}
verbatim-trace-b-on-1	9	supported	supported	yes	n/a	0.93	15421	579	none	Each sentence in the summary corresponds exactly to entries in the transcript (web_search calls, fetch_page calls, and the quoted TCP sentence appears verbatim in the fetched content).	{"verdict":"supported","quote":"none","confidence":0.93,"reason":"Each sentence in the summary corresponds exactly to entries in the transcript (web_search calls, fetch_page calls, and the quoted TCP sentence appears verbatim in the fetched content)."}
corrupted-trace-b-on-1	1	unsupported	unsupported	yes	present	0.90	15839	894	- "the minimum size of 23 bytes" (Transmission Control Protocol page)	The transcript's TCP content explicitly states the minimum TCP header is 5 words = 20 bytes (not 23 bytes), so the '23 bytes' claim is not supported.	{"verdict":"unsupported","quote":"- \"the minimum size of 23 bytes\" (Transmission Control Protocol page)","confidence":0.9,"reason":"The transcript's TCP content explicitly states the minimum TCP header is 5 words = 20 bytes (not 23 bytes), so the '23 bytes' claim is not supported."}
corrupted-trace-b-on-1	2	unsupported	unsupported	yes	present	0.92	15839	1086	"the minimum size of 23 bytes"	The transcript shows the TCP page stating the minimum header is 5 words = 20 bytes, so the summary's '23 bytes' claim is contradicted by the fetched content.	{"verdict":"unsupported","quote":"\"the minimum size of 23 bytes\"","confidence":0.92,"reason":"The transcript shows the TCP page stating the minimum header is 5 words = 20 bytes, so the summary's '23 bytes' claim is contradicted by the fetched content."}
corrupted-trace-b-on-1	3	unsupported	unsupported	yes	present	0.95	15839	859	- "the minimum size of 23 bytes" (Transmission Control Protocol page)	The transcript's fetched TCP page explicitly states the minimum TCP header is 20 bytes (5 words), so the summary's '23 bytes' claim is not supported by the transcript.	{"verdict":"unsupported","quote":"- \"the minimum size of 23 bytes\" (Transmission Control Protocol page)","confidence":0.95,"reason":"The transcript's fetched TCP page explicitly states the minimum TCP header is 20 bytes (5 words), so the summary's '23 bytes' claim is not supported by the transcript."}
corrupted-trace-b-on-1	4	unsupported	unsupported	yes	present	0.95	15839	1100	"the minimum size of 23 bytes" (Transmission Control Protocol page)	The transcript and fetched TCP page state the minimum TCP header is 20 bytes (5 words), so the '23 bytes' snippet is not present and contradicts the source.	{"verdict":"unsupported","quote":"\"the minimum size of 23 bytes\" (Transmission Control Protocol page)","confidence":0.95,"reason":"The transcript and fetched TCP page state the minimum TCP header is 20 bytes (5 words), so the '23 bytes' snippet is not present and contradicts the source."}
corrupted-trace-b-on-1	5	unsupported	unsupported	yes	present	0.94	15839	799	- "the minimum size of 23 bytes" (Transmission Control Protocol page)	The transcript and fetched TCP page state the minimum TCP header is 20 bytes (5 words), not 23 bytes, so the summary's '23 bytes' claim is unsupported.	{"verdict":"unsupported","quote":"- \"the minimum size of 23 bytes\" (Transmission Control Protocol page)","confidence":0.94,"reason":"The transcript and fetched TCP page state the minimum TCP header is 20 bytes (5 words), not 23 bytes, so the summary's '23 bytes' claim is unsupported."}
corrupted-trace-b-on-1	6	unsupported	unsupported	yes	present	0.90	15839	929	"the minimum size of 23 bytes" (Transmission Control Protocol page)	The transcript shows the TCP minimum header is 5 words = 20 bytes, so the summary's claim of 23 bytes is not supported.	{"verdict":"unsupported","quote":"\"the minimum size of 23 bytes\" (Transmission Control Protocol page)","confidence":0.9,"reason":"The transcript shows the TCP minimum header is 5 words = 20 bytes, so the summary's claim of 23 bytes is not supported."}
corrupted-trace-b-on-1	7	unsupported	unsupported	yes	present	0.92	15839	747	- "the minimum size of 23 bytes" (Transmission Control Protocol page)	The transcript's fetched TCP page explicitly states the minimum TCP header is 5 words = 20 bytes, so the summary's claim of 23 bytes is not supported.	{"verdict":"unsupported","quote":"- \"the minimum size of 23 bytes\" (Transmission Control Protocol page)","confidence":0.92,"reason":"The transcript's fetched TCP page explicitly states the minimum TCP header is 5 words = 20 bytes, so the summary's claim of 23 bytes is not supported."}
corrupted-trace-b-on-1	8	unsupported	unsupported	yes	present	0.90	15839	853	"the minimum size of 23 bytes" (Transmission Control Protocol page)	The transcript shows the TCP page states the minimum header is 5 words = 20 bytes, so the summary's claim of 23 bytes is not supported by the transcript.	{"verdict":"unsupported","quote":"\"the minimum size of 23 bytes\" (Transmission Control Protocol page)","confidence":0.9,"reason":"The transcript shows the TCP page states the minimum header is 5 words = 20 bytes, so the summary's claim of 23 bytes is not supported by the transcript."}
corrupted-trace-b-on-1	9	unsupported	unsupported	yes	present	0.95	15839	838	"the minimum size of 23 bytes" (Transmission Control Protocol page)	The transcript shows the TCP minimum header size is 20 bytes (5 words = 20 bytes), so the summary's claim of 23 bytes is not supported.	{"verdict":"unsupported","quote":"\"the minimum size of 23 bytes\" (Transmission Control Protocol page)","confidence":0.95,"reason":"The transcript shows the TCP minimum header size is 20 bytes (5 words = 20 bytes), so the summary's claim of 23 bytes is not supported."}
real-trace-b-on-2	1	open	supported	n/a	n/a	0.90	24290	640	none	Every factual claim in the summary is present in the provided transcript (tool calls, fetched-page metadata, and the cited specific facts all appear in the transcript).	{"verdict":"supported","quote":"none","confidence":0.9,"reason":"Every factual claim in the summary is present in the provided transcript (tool calls, fetched-page metadata, and the cited specific facts all appear in the transcript)."}
real-trace-b-on-2	3	open	supported	n/a	n/a	0.92	24290	874	none	All factual claims in the summary are directly present in the transcript's web_search results and fetched page contents.	{"verdict":"supported","quote":"none","confidence":0.92,"reason":"All factual claims in the summary are directly present in the transcript's web_search results and fetched page contents."}
real-trace-b-on-2	2	open	supported	n/a	n/a	0.90	24290	1179	none	Every factual claim in the summary corresponds to content or metadata present in the transcript's web_search results and fetched pages.	{"verdict":"supported","quote":"none","confidence":0.9,"reason":"Every factual claim in the summary corresponds to content or metadata present in the transcript's web_search results and fetched pages."}
real-trace-b-on-2	5	open	supported	n/a	n/a	0.92	24290	770	none	I checked each factual claim in the summary against the transcript and all of them appear verbatim or are directly supported by the fetched pages and search snippets in the transcript.	{"verdict":"supported","quote":"none","confidence":0.92,"reason":"I checked each factual claim in the summary against the transcript and all of them appear verbatim or are directly supported by the fetched pages and search snippets in the transcript."}
real-trace-b-on-2	4	open	supported	n/a	n/a	0.92	24290	1134	none	I checked each claim in the summary against the transcript and all cited tool calls, page metadata, and factual statements appear verbatim or equivalently in the transcript.	{"verdict":"supported","quote":"none","confidence":0.92,"reason":"I checked each claim in the summary against the transcript and all cited tool calls, page metadata, and factual statements appear verbatim or equivalently in the transcript."}
real-trace-b-on-2	6	open	supported	n/a	n/a	0.95	24290	1079	none	All factual claims in the summary (tool calls, fetched-page metadata, selected snippets, and listed TCP/IPv6/UTF-8 facts) are present in the provided transcript.	{"verdict":"supported","quote":"none","confidence":0.95,"reason":"All factual claims in the summary (tool calls, fetched-page metadata, selected snippets, and listed TCP/IPv6/UTF-8 facts) are present in the provided transcript."}
real-trace-b-on-2	7	open	supported	n/a	n/a	0.91	24290	1016	none	All factual claims and listed tool calls in the summary are present in the transcript or in the fetched page contents shown in the transcript.	{"verdict":"supported","quote":"none","confidence":0.91,"reason":"All factual claims and listed tool calls in the summary are present in the transcript or in the fetched page contents shown in the transcript."}
real-trace-b-on-2	8	open	supported	n/a	n/a	0.92	24290	1056	none	Every factual claim in the summary is present in the transcript (either in the web_search snippets or fetched page contents) with matching wording or clear paraphrase.	{"verdict":"supported","quote":"none","confidence":0.92,"reason":"Every factual claim in the summary is present in the transcript (either in the web_search snippets or fetched page contents) with matching wording or clear paraphrase."}
real-trace-b-on-2	9	open	supported	n/a	n/a	0.90	24290	994	none	Every factual claim in the summary (tool calls, TCP and IPv6 fetched-page metadata, web_search snippets, and the listed protocol facts) appears in the provided transcript outputs.	{"verdict":"supported","quote":"none","confidence":0.9,"reason":"Every factual claim in the summary (tool calls, TCP and IPv6 fetched-page metadata, web_search snippets, and the listed protocol facts) appears in the provided transcript outputs."}
verbatim-trace-b-on-2	1	supported	supported	yes	n/a	0.94	23707	418	none	Every search and fetch mentioned and the quoted TCP sentence appear in the transcript's tool calls and fetched page contents, so all factual claims are present.	{"verdict":"supported","quote":"none","confidence":0.94,"reason":"Every search and fetch mentioned and the quoted TCP sentence appear in the transcript's tool calls and fetched page contents, so all factual claims are present."}
verbatim-trace-b-on-2	2	supported	supported	yes	n/a	0.93	23707	654	none	Every search query, fetched URL, and the quoted TCP sentence in the summary appear verbatim in the transcript's tool calls and fetched page contents.	{"verdict":"supported","quote":"none","confidence":0.93,"reason":"Every search query, fetched URL, and the quoted TCP sentence in the summary appear verbatim in the transcript's tool calls and fetched page contents."}
verbatim-trace-b-on-2	3	supported	supported	yes	n/a	0.90	23707	636	none	Every action and the quoted sentence in the summary appear in the transcript (web_search and fetch_page calls and the fetched TCP page content), so all claims are supported.	{"verdict":"supported","quote":"none","confidence":0.9,"reason":"Every action and the quoted sentence in the summary appear in the transcript (web_search and fetch_page calls and the fetched TCP page content), so all claims are supported."}
verbatim-trace-b-on-2	4	supported	supported	yes	n/a	0.92	23707	700	none	Every factual claim in the summary (the listed web_search queries, fetch_page calls, and the quoted TCP sentence) appears in the transcript.	{"verdict":"supported","quote":"none","confidence":0.92,"reason":"Every factual claim in the summary (the listed web_search queries, fetch_page calls, and the quoted TCP sentence) appears in the transcript."}
verbatim-trace-b-on-2	5	supported	supported	yes	n/a	0.93	23707	619	none	Every factual claim in the summary (searches performed and pages fetched, plus the quoted TCP sentence) appears verbatim in the transcript's tool calls and fetched content.	{"verdict":"supported","quote":"none","confidence":0.93,"reason":"Every factual claim in the summary (searches performed and pages fetched, plus the quoted TCP sentence) appears verbatim in the transcript's tool calls and fetched content."}
verbatim-trace-b-on-2	6	supported	supported	yes	n/a	0.96	23707	778	none	Each action and the quoted sentence in the summary correspond exactly to entries (web_search calls, fetch_page calls, and fetched content) present in the transcript.	{"verdict":"supported","quote":"none","confidence":0.96,"reason":"Each action and the quoted sentence in the summary correspond exactly to entries (web_search calls, fetch_page calls, and fetched content) present in the transcript."}
verbatim-trace-b-on-2	7	supported	supported	yes	n/a	0.90	23707	704	none	Every search and fetch action listed in the summary appears in the transcript and the quoted sentence from the Transmission Control Protocol page is present in the fetched content.	{"verdict":"supported","quote":"none","confidence":0.9,"reason":"Every search and fetch action listed in the summary appears in the transcript and the quoted sentence from the Transmission Control Protocol page is present in the fetched content."}
verbatim-trace-b-on-2	8	supported	supported	yes	n/a	0.95	23707	650	none	Every search and fetch mentioned in the summary and the quoted TCP sentence are present verbatim in the transcript's tool calls and fetched page contents.	{"verdict":"supported","quote":"none","confidence":0.95,"reason":"Every search and fetch mentioned in the summary and the quoted TCP sentence are present verbatim in the transcript's tool calls and fetched page contents."}
verbatim-trace-b-on-2	9	supported	supported	yes	n/a	0.95	23707	738	none	Each sentence in the summary corresponds exactly to a recorded web_search or fetch_page call or to fetched page content present in the transcript.	{"verdict":"supported","quote":"none","confidence":0.95,"reason":"Each sentence in the summary corresponds exactly to a recorded web_search or fetch_page call or to fetched page content present in the transcript."}
corrupted-trace-b-on-2	1	unsupported	unsupported	yes	present	0.86	24290	1210	"chars":70766	The summary claims the fetched TCP page had 70766 characters, but the transcript shows it had 70763 characters, so at least one factual claim is incorrect.	{"verdict":"unsupported","quote":"\"chars\":70766","confidence":0.86,"reason":"The summary claims the fetched TCP page had 70766 characters, but the transcript shows it had 70763 characters, so at least one factual claim is incorrect."}
corrupted-trace-b-on-2	2	unsupported	unsupported	yes	present	0.95	24290	934	"chars":70766	The transcript shows the fetched TCP page had 70763 characters, while the summary claims 70766, so at least one factual claim differs.	{"verdict":"unsupported","quote":"\"chars\":70766","confidence":0.95,"reason":"The transcript shows the fetched TCP page had 70763 characters, while the summary claims 70766, so at least one factual claim differs."}
corrupted-trace-b-on-2	3	unsupported	unsupported	yes	present	0.92	24290	880	"chars":70766	The transcript's fetch_page metadata for the TCP page lists 70763 characters, so the summary's claim of 70766 characters is not supported.	{"verdict":"unsupported","quote":"\"chars\":70766","confidence":0.92,"reason":"The transcript's fetch_page metadata for the TCP page lists 70763 characters, so the summary's claim of 70766 characters is not supported."}
corrupted-trace-b-on-2	4	unsupported	unsupported	yes	present	0.92	24290	901	- "chars":70766	The transcript's fetch_page result for the TCP page shows 70763 characters (not 70766), so the summary's stated char count is not supported by the transcript.	{"verdict":"unsupported","quote":"- \"chars\":70766","confidence":0.92,"reason":"The transcript's fetch_page result for the TCP page shows 70763 characters (not 70766), so the summary's stated char count is not supported by the transcript."}
corrupted-trace-b-on-2	5	unsupported	unsupported	yes	present	0.90	24290	1191	"chars":70766	The summary claims the fetched TCP page had 70766 characters, but the transcript shows 70763 characters, so at least one claim differs from the transcript.	{"verdict":"unsupported","quote":"\"chars\":70766","confidence":0.9,"reason":"The summary claims the fetched TCP page had 70766 characters, but the transcript shows 70763 characters, so at least one claim differs from the transcript."}
corrupted-trace-b-on-2	6	unsupported	unsupported	yes	present	0.90	24290	1182	- "chars":70766	The transcript shows the fetched TCP page had 70763 characters (and the compaction also lists 70763), but the summary claims 70766, which is not supported by the transcript.	{"verdict":"unsupported","quote":"- \"chars\":70766","confidence":0.9,"reason":"The transcript shows the fetched TCP page had 70763 characters (and the compaction also lists 70763), but the summary claims 70766, which is not supported by the transcript."}
corrupted-trace-b-on-2	7	unsupported	unsupported	yes	present	0.90	24290	1119	"chars":70766	The transcript's fetch_page for the TCP page reports 70763 characters (cut off), so the summary's claim of 70766 characters is different from the transcript.	{"verdict":"unsupported", "quote":"\"chars\":70766", "confidence":0.9, "reason":"The transcript's fetch_page for the TCP page reports 70763 characters (cut off), so the summary's claim of 70766 characters is different from the transcript."}
corrupted-trace-b-on-2	8	unsupported	unsupported	yes	present	0.92	24290	1186	- "chars":70766	The summary states the fetched TCP page had 70766 characters, but the transcript/fetch_page metadata shows 70763 characters, so at least one factual claim differs.	{"verdict":"unsupported","quote":"- \"chars\":70766","confidence":0.92,"reason":"The summary states the fetched TCP page had 70766 characters, but the transcript/fetch_page metadata shows 70763 characters, so at least one factual claim differs."}
corrupted-trace-b-on-2	9	unsupported	unsupported	yes	present	0.90	24290	1091	"chars":70766	The transcript reports the fetched TCP page as 70763 characters, so the summary's claim of 70766 characters does not match the transcript.	{"verdict":"unsupported","quote":"\"chars\":70766","confidence":0.9,"reason":"The transcript reports the fetched TCP page as 70763 characters, so the summary's claim of 70766 characters does not match the transcript."}
real-trace-b-on-3	1	open	supported	n/a	n/a	0.90	32346	1375	none	Every factual claim in the summary is present in the transcript (from the web_search snippets or the fetched Wikipedia pages) and matches verbatim or equivalently.	{"verdict":"supported","quote":"none","confidence":0.9,"reason":"Every factual claim in the summary is present in the transcript (from the web_search snippets or the fetched Wikipedia pages) and matches verbatim or equivalently."}
real-trace-b-on-3	2	open	supported	n/a	n/a	0.95	32346	911	none	All factual claims in the summary are present in the transcript's tool-call outputs or fetched page contents (matching text or equivalent phrasing).	{"verdict":"supported","quote":"none","confidence":0.95,"reason":"All factual claims in the summary are present in the transcript's tool-call outputs or fetched page contents (matching text or equivalent phrasing)."}
real-trace-b-on-3	3	open	supported	n/a	n/a	0.96	32346	1037	none	All factual claims in the summary match content present in the transcript (the fetched pages and search snippets include each cited fact).	{"verdict":"supported","quote":"none","confidence":0.96,"reason":"All factual claims in the summary match content present in the transcript (the fetched pages and search snippets include each cited fact)." }
real-trace-b-on-3	4	open	supported	n/a	n/a	0.95	32346	1259	none	Every factual claim in the summary is present in the transcript's fetched pages or search snippets (the UTF-8, TCP and IPv6 facts appear verbatim in the fetched content).	{"verdict":"supported","quote":"none","confidence":0.95,"reason":"Every factual claim in the summary is present in the transcript's fetched pages or search snippets (the UTF-8, TCP and IPv6 facts appear verbatim in the fetched content)."}
real-trace-b-on-3	5	open	supported	n/a	n/a	0.93	32346	886	none	Every factual claim in the summary appears verbatim or equivalently in the provided transcript and fetched page excerpts.	{"verdict":"supported","quote":"none","confidence":0.93,"reason":"Every factual claim in the summary appears verbatim or equivalently in the provided transcript and fetched page excerpts."}
real-trace-b-on-3	6	open	supported	n/a	n/a	0.92	32346	1358	none	Every factual claim in the summary is present verbatim or as an explicit excerpt in the transcript's web_search results and fetched page contents.	{"verdict":"supported","quote":"none","confidence":0.92,"reason":"Every factual claim in the summary is present verbatim or as an explicit excerpt in the transcript's web_search results and fetched page contents."}
real-trace-b-on-3	7	open	supported	n/a	n/a	0.95	32346	930	none	Every factual claim in the summary appears in the transcript (from the web_search snippets and fetched pages) and matches the quoted lines from those sources.	{"verdict":"supported","quote":"none","confidence":0.95,"reason":"Every factual claim in the summary appears in the transcript (from the web_search snippets and fetched pages) and matches the quoted lines from those sources."}
real-trace-b-on-3	8	open	supported	n/a	n/a	0.95	32346	991	none	All factual claims in the summary are present in the transcript's fetched search results and page contents as shown.	{"verdict":"supported","quote":"none","confidence":0.95,"reason":"All factual claims in the summary are present in the transcript's fetched search results and page contents as shown."}
real-trace-b-on-3	9	open	supported	n/a	n/a	0.93	32346	1302	none	All factual claims in the summary are present in the transcript (from the web_search snippets and fetched Wikipedia pages) either verbatim or as equivalent statements.	{"verdict":"supported","quote":"none","confidence":0.93,"reason":"All factual claims in the summary are present in the transcript (from the web_search snippets and fetched Wikipedia pages) either verbatim or as equivalent statements."}
verbatim-trace-b-on-3	1	supported	supported	yes	n/a	0.93	31845	595	none	Every search, fetch, and the quoted TCP sentence in the summary appears in the transcript/logs, so all claims are present and supported.	{"verdict":"supported","quote":"none","confidence":0.93,"reason":"Every search, fetch, and the quoted TCP sentence in the summary appears in the transcript/logs, so all claims are present and supported."}
verbatim-trace-b-on-3	2	supported	supported	yes	n/a	0.96	31845	667	none	All search and fetch calls listed in the summary and the quoted TCP sentence are present verbatim in the transcript.	{"verdict": "supported", "quote": "none", "confidence": 0.96, "reason": "All search and fetch calls listed in the summary and the quoted TCP sentence are present verbatim in the transcript."}
verbatim-trace-b-on-3	3	supported	supported	yes	n/a	0.92	31845	588	none	Every search, fetch, and the quoted TCP sentence in the summary matches entries and fetched content in the transcript.	{"verdict":"supported","quote":"none","confidence":0.92,"reason":"Every search, fetch, and the quoted TCP sentence in the summary matches entries and fetched content in the transcript."}
verbatim-trace-b-on-3	4	supported	supported	yes	n/a	0.92	31845	699	none	Every action and the quoted TCP sentence in the summary exactly appear in the transcript (matching web_search and fetch_page calls and fetched content).	{"verdict":"supported","quote":"none","confidence":0.92,"reason":"Every action and the quoted TCP sentence in the summary exactly appear in the transcript (matching web_search and fetch_page calls and fetched content)."}
verbatim-trace-b-on-3	5	supported	supported	yes	n/a	0.92	31845	725	none	Every search, fetch, and the quoted TCP sentence in the summary appears verbatim in the provided transcript.	{"verdict":"supported","quote":"none","confidence":0.92,"reason":"Every search, fetch, and the quoted TCP sentence in the summary appears verbatim in the provided transcript. "}
verbatim-trace-b-on-3	6	supported	supported	yes	n/a	0.96	31845	617	none	Every action and quoted sentence in the summary matches entries in the transcript (web_search calls and fetch_page results include the same queries, URLs, and fetched sentence).	{"verdict":"supported","quote":"none","confidence":0.96,"reason":"Every action and quoted sentence in the summary matches entries in the transcript (web_search calls and fetch_page results include the same queries, URLs, and fetched sentence)."}
verbatim-trace-b-on-3	7	supported	supported	yes	n/a	0.95	31845	770	none	All searches, fetch_page calls, and the quoted TCP sentence in the summary are present verbatim in the transcript and tool outputs.	{"verdict":"supported","quote":"none","confidence":0.95,"reason":"All searches, fetch_page calls, and the quoted TCP sentence in the summary are present verbatim in the transcript and tool outputs."}
verbatim-trace-b-on-3	8	supported	supported	yes	n/a	0.95	31845	669	none	Every search and fetch listed in the summary appears in the transcript and the quoted TCP sentence is present verbatim in the fetched Transmission Control Protocol page.	{"verdict":"supported","quote":"none","confidence":0.95,"reason":"Every search and fetch listed in the summary appears in the transcript and the quoted TCP sentence is present verbatim in the fetched Transmission Control Protocol page."}
verbatim-trace-b-on-3	9	supported	supported	yes	n/a	0.92	31845	477	none	All searches, fetches, and the quoted TCP sentence in the summary appear verbatim in the provided transcript and tool-call history.	{"verdict":"supported","quote":"none","confidence":0.92,"reason":"All searches, fetches, and the quoted TCP sentence in the summary appear verbatim in the provided transcript and tool-call history."}
corrupted-trace-b-on-3	1	unsupported	unsupported	yes	present	0.90	32346	269	Source Port: 19 bits	The transcript explicitly lists Source Port: 16 bits, so the summary's claim of Source Port: 19 bits is not supported.	{"verdict":"unsupported","quote":"Source Port: 19 bits","confidence":0.9,"reason":"The transcript explicitly lists Source Port: 16 bits, so the summary's claim of Source Port: 19 bits is not supported."}
corrupted-trace-b-on-3	2	unsupported	unsupported	yes	present	0.97	32346	359	Source Port: 19 bits	The transcript shows 'Source Port: 16 bits' from the fetched TCP page, so the summary's 'Source Port: 19 bits' is incorrect/unsupported.	{"verdict":"unsupported","quote":"Source Port: 19 bits","confidence":0.97,"reason":"The transcript shows 'Source Port: 16 bits' from the fetched TCP page, so the summary's 'Source Port: 19 bits' is incorrect/unsupported."}
corrupted-trace-b-on-3	3	unsupported	unsupported	yes	present	0.90	32346	246	Source Port: 19 bits	The summary claims the TCP Source Port is 19 bits, but the transcript shows Source Port: 16 bits, so at least one factual claim is unsupported.	{"verdict":"unsupported","quote":"Source Port: 19 bits","confidence":0.9,"reason":"The summary claims the TCP Source Port is 19 bits, but the transcript shows Source Port: 16 bits, so at least one factual claim is unsupported."}
corrupted-trace-b-on-3	4	unsupported	unsupported	yes	present	0.98	32346	223	Source Port: 19 bits	The transcript shows 'Source Port: 16 bits' from the fetched TCP page, so the summary's 'Source Port: 19 bits' is not supported and is incorrect.	{"verdict":"unsupported","quote":"Source Port: 19 bits","confidence":0.98,"reason":"The transcript shows 'Source Port: 16 bits' from the fetched TCP page, so the summary's 'Source Port: 19 bits' is not supported and is incorrect."}
corrupted-trace-b-on-3	5	unsupported	unsupported	yes	present	0.95	32346	238	Source Port: 19 bits	The transcript shows 'Source Port: 16 bits' while the summary claims 'Source Port: 19 bits', so at least one factual claim is incorrect.	{"verdict":"unsupported","quote":"Source Port: 19 bits","confidence":0.95,"reason":"The transcript shows 'Source Port: 16 bits' while the summary claims 'Source Port: 19 bits', so at least one factual claim is incorrect."}
corrupted-trace-b-on-3	7	unsupported	unsupported	yes	present	0.98	32346	209	Source Port: 19 bits	The transcript shows 'Source Port: 16 bits' from the fetched TCP page, so the summary's 'Source Port: 19 bits' is incorrect/unsupported.	{"verdict":"unsupported","quote":"Source Port: 19 bits","confidence":0.98,"reason":"The transcript shows 'Source Port: 16 bits' from the fetched TCP page, so the summary's 'Source Port: 19 bits' is incorrect/unsupported."}
corrupted-trace-b-on-3	6	unsupported	unsupported	yes	present	0.90	32346	632	Source Port: 19 bits	The transcript's fetched TCP content explicitly states Source Port is 16 bits, so the summary's '19 bits' claim is contradicted by the transcript.	{"verdict":"unsupported","quote":"Source Port: 19 bits","confidence":0.9,"reason":"The transcript's fetched TCP content explicitly states Source Port is 16 bits, so the summary's '19 bits' claim is contradicted by the transcript."}
corrupted-trace-b-on-3	8	unsupported	unsupported	yes	present	0.93	32346	398	Source Port: 19 bits	The transcript (fetched TCP page) records Source Port as 16 bits, so the summary's '19 bits' claim is not supported.	{"verdict":"unsupported","quote":"Source Port: 19 bits","confidence":0.93,"reason":"The transcript (fetched TCP page) records Source Port as 16 bits, so the summary's '19 bits' claim is not supported."}
corrupted-trace-b-on-3	9	unsupported	unsupported	yes	present	0.92	32346	672	Source Port: 19 bits	The transcript's fetched TCP page states 'Source Port: 16 bits', so the summary's claim of 'Source Port: 19 bits' is not supported and is incorrect.	{"verdict":"unsupported","quote":"Source Port: 19 bits","confidence":0.92,"reason":"The transcript's fetched TCP page states 'Source Port: 16 bits', so the summary's claim of 'Source Port: 19 bits' is not supported and is incorrect."}
real-trace-b-on-4	1	open	supported	n/a	n/a	0.98	39937	1463	none	Every factual claim in the summary is present in the transcript (from the fetched pages and search snippets) or matches wording shown in the transcript.	{"verdict":"supported","quote":"none","confidence":0.98,"reason":"Every factual claim in the summary is present in the transcript (from the fetched pages and search snippets) or matches wording shown in the transcript."}
real-trace-b-on-4	2	open	supported	n/a	n/a	0.93	39937	1318	none	All factual claims in the summary are directly present in the transcript (from the web_search and fetch_page outputs) and match verbatim or equivalently.	{"verdict":"supported","quote":"none","confidence":0.93,"reason":"All factual claims in the summary are directly present in the transcript (from the web_search and fetch_page outputs) and match verbatim or equivalently."}
real-trace-b-on-4	3	open	supported	n/a	n/a	0.94	39937	976	none	Each factual claim in the provided summary matches text or snippets present in the transcript (including fetched page contents and search results).	{"verdict":"supported","quote":"none","confidence":0.94,"reason":"Each factual claim in the provided summary matches text or snippets present in the transcript (including fetched page contents and search results)."}
real-trace-b-on-4	4	open	supported	n/a	n/a	0.95	39937	1186	none	Every factual claim in the summary appears verbatim or is directly supported by the transcript's fetched pages and search snippets.	{"verdict":"supported","quote":"none","confidence":0.95,"reason":"Every factual claim in the summary appears verbatim or is directly supported by the transcript's fetched pages and search snippets."}
real-trace-b-on-4	5	open	supported	n/a	n/a	0.90	39937	1273	none	All factual claims in the summary are directly present in the transcript (from the web_search snippets and fetched pages) either verbatim or as equivalent statements.	{"verdict":"supported","quote":"none","confidence":0.9,"reason":"All factual claims in the summary are directly present in the transcript (from the web_search snippets and fetched pages) either verbatim or as equivalent statements."}
real-trace-b-on-4	6	open	unsupported	n/a	present	0.85	39937	2164	{"ok":true,"url":"https://en.wikipedia.org/wiki/Transmission_Control_Protocol","title":"Transmission Control Protocol","chars":70763,"truncated":true,"cached":true,...}	The summary claims the fetch returned a JSON object with an "ok":true field verbatim, but the transcript's fetch metadata lists url/title/chars/truncated/cached without an "ok" field, so that exact claim is not supported.	{"verdict":"unsupported","quote":"{\"ok\":true,\"url\":\"https://en.wikipedia.org/wiki/Transmission_Control_Protocol\",\"title\":\"Transmission Control Protocol\",\"chars\":70763,\"truncated\":true,\"cached\":true,...}","confidence":0.85,"reason":"The summary claims the fetch returned a JSON object with an \"ok\":true field verbatim, but the transcript's fetch metadata lists url/title/chars/truncated/cached without an \"ok\" field, so that exact claim is not supported."}
real-trace-b-on-4	7	open	supported	n/a	n/a	0.92	39937	1288	none	Every factual claim in the summary matches text or fetch/web_search results present in the provided transcript.	{"verdict":"supported","quote":"none","confidence":0.92,"reason":"Every factual claim in the summary matches text or fetch/web_search results present in the provided transcript."}
real-trace-b-on-4	9	open	supported	n/a	n/a	0.95	39937	1250	none	Every factual claim in the summary appears verbatim or equivalently in the provided transcript (fetched pages and search snippets).	{"verdict":"supported","quote":"none","confidence":0.95,"reason":"Every factual claim in the summary appears verbatim or equivalently in the provided transcript (fetched pages and search snippets)."}
real-trace-b-on-4	8	open	supported	n/a	n/a	0.93	39937	1325	none	Every factual claim in the summary appears verbatim in the transcript's web_search/fetch_page results and the compacted history, so all claims are supported.	{"verdict":"supported","quote":"none","confidence":0.93,"reason":"Every factual claim in the summary appears verbatim in the transcript's web_search/fetch_page results and the compacted history, so all claims are supported."}
verbatim-trace-b-on-4	1	supported	supported	yes	n/a	0.94	39383	737	none	Each search, fetch, and the quoted TCP sentence in the summary appears verbatim in the transcript's tool calls and fetched page content.	{"verdict":"supported","quote":"none","confidence":0.94,"reason":"Each search, fetch, and the quoted TCP sentence in the summary appears verbatim in the transcript's tool calls and fetched page content."}
verbatim-trace-b-on-4	2	supported	supported	yes	n/a	0.93	39383	649	none	Every search, fetch action, and the quoted TCP sentence in the summary appear verbatim in the provided transcript and fetched-page content.	{"verdict":"supported","quote":"none","confidence":0.93,"reason":"Every search, fetch action, and the quoted TCP sentence in the summary appear verbatim in the provided transcript and fetched-page content."}
verbatim-trace-b-on-4	4	supported	supported	yes	n/a	0.92	39383	601	none	Every factual claim in the summary (the specific searches and fetched URLs and the quoted TCP sentence) appears in the provided transcript content and fetch results.	{"verdict":"supported","quote":"none","confidence":0.92,"reason":"Every factual claim in the summary (the specific searches and fetched URLs and the quoted TCP sentence) appears in the provided transcript content and fetch results."}
verbatim-trace-b-on-4	3	supported	supported	yes	n/a	0.90	39383	757	none	Every claim in the summary corresponds to a web_search or fetch_page call or to text present in the fetched page content in the transcript.	{"verdict":"supported","quote":"none","confidence":0.9,"reason":"Every claim in the summary corresponds to a web_search or fetch_page call or to text present in the fetched page content in the transcript."}
verbatim-trace-b-on-4	5	supported	supported	yes	n/a	0.92	39383	402	none	All searches, fetches, and the quoted TCP sentence in the summary exactly match entries and fetched content present in the transcript.	{"verdict":"supported","quote":"none","confidence":0.92,"reason":"All searches, fetches, and the quoted TCP sentence in the summary exactly match entries and fetched content present in the transcript."}
verbatim-trace-b-on-4	6	supported	supported	yes	n/a	0.95	39383	949	none	Every search, fetch, and the quoted sentence in the summary appears verbatim in the transcript's tool calls and fetched page contents.	{"verdict":"supported","quote":"none","confidence":0.95,"reason":"Every search, fetch, and the quoted sentence in the summary appears verbatim in the transcript's tool calls and fetched page contents."}
verbatim-trace-b-on-4	7	supported	supported	yes	n/a	0.90	39383	777	none	Every search and fetch action listed in the summary matches tool calls in the transcript and the quoted TCP sentence appears verbatim in the fetched TCP page content.	{"verdict":"supported","quote":"none","confidence":0.9,"reason":"Every search and fetch action listed in the summary matches tool calls in the transcript and the quoted TCP sentence appears verbatim in the fetched TCP page content."}
verbatim-trace-b-on-4	8	supported	supported	yes	n/a	0.92	39383	608	none	Every claim in the summary corresponds to a recorded tool call or fetched page and the quoted TCP sentence appears verbatim in the fetched Transmission Control Protocol content in the transcript.	{"verdict":"supported","quote":"none","confidence":0.92,"reason":"Every claim in the summary corresponds to a recorded tool call or fetched page and the quoted TCP sentence appears verbatim in the fetched Transmission Control Protocol content in the transcript."}
verbatim-trace-b-on-4	9	supported	supported	yes	n/a	0.95	39383	812	none	Every web_search and fetch_page call listed in the summary appears in the transcript and the quoted TCP sentence is present in the fetched Transmission Control Protocol content.	{"verdict":"supported","quote":"none","confidence":0.95,"reason":"Every web_search and fetch_page call listed in the summary appears in the transcript and the quoted TCP sentence is present in the fetched Transmission Control Protocol content."}
corrupted-trace-b-on-4	1	unsupported	unsupported	yes	present	0.96	39937	705	Source Port: 19 bits;	The transcript shows the TCP Source Port field is 16 bits, but the summary incorrectly states it as 19 bits.	{"verdict":"unsupported","quote":"Source Port: 19 bits;","confidence":0.96,"reason":"The transcript shows the TCP Source Port field is 16 bits, but the summary incorrectly states it as 19 bits."}
corrupted-trace-b-on-4	2	unsupported	unsupported	yes	present	0.92	39937	510	- Source Port: 19 bits; Destination Port: 16 bits; Sequence Number: 32 bits; Acknowledgment Number: 32 bits	The transcript shows Source Port is 16 bits (not 19), so the summary contains at least one claim that contradicts the transcript.	{"verdict":"unsupported","quote":"- Source Port: 19 bits; Destination Port: 16 bits; Sequence Number: 32 bits; Acknowledgment Number: 32 bits","confidence":0.92,"reason":"The transcript shows Source Port is 16 bits (not 19), so the summary contains at least one claim that contradicts the transcript."}
corrupted-trace-b-on-4	3	unsupported	unsupported	yes	present	0.95	39937	504	Source Port: 19 bits; Destination Port: 16 bits; Sequence Number: 32 bits; Acknowledgment Number: 32 bits	The transcript shows Source Port is 16 bits (not 19), so the summary's 'Source Port: 19 bits' claim is inconsistent with the fetched content.	{"verdict":"unsupported","quote":"Source Port: 19 bits; Destination Port: 16 bits; Sequence Number: 32 bits; Acknowledgment Number: 32 bits","confidence":0.95,"reason":"The transcript shows Source Port is 16 bits (not 19), so the summary's 'Source Port: 19 bits' claim is inconsistent with the fetched content."}
corrupted-trace-b-on-4	4	unsupported	unsupported	yes	present	0.87	39937	428	- Source Port: 19 bits; Destination Port: 16 bits; Sequence Number: 32 bits; Acknowledgment Number: 32 bits	The summary incorrectly states the Source Port is 19 bits while the transcript shows the Source Port field is 16 bits, so the summary contains an unsupported claim.	{"verdict":"unsupported","quote":"- Source Port: 19 bits; Destination Port: 16 bits; Sequence Number: 32 bits; Acknowledgment Number: 32 bits","confidence":0.87,"reason":"The summary incorrectly states the Source Port is 19 bits while the transcript shows the Source Port field is 16 bits, so the summary contains an unsupported claim."}
corrupted-trace-b-on-4	5	unsupported	unsupported	yes	present	0.92	39937	476	- Source Port: 19 bits; Destination Port: 16 bits; Sequence Number: 32 bits; Acknowledgment Number: 32 bits	The transcript shows Source Port is 16 bits (not 19), so the summary contains at least one factual claim that contradicts the transcript.	{"verdict":"unsupported","quote":"- Source Port: 19 bits; Destination Port: 16 bits; Sequence Number: 32 bits; Acknowledgment Number: 32 bits","confidence":0.92,"reason":"The transcript shows Source Port is 16 bits (not 19), so the summary contains at least one factual claim that contradicts the transcript."}
corrupted-trace-b-on-4	6	unsupported	unsupported	yes	present	0.90	39937	390	- Source Port: 19 bits; Destination Port: 16 bits; Sequence Number: 32 bits; Acknowledgment Number: 32 bits	The transcript shows Source Port is 16 bits (not 19), so the summary contains at least one factual mismatch.	{"verdict":"unsupported","quote":"- Source Port: 19 bits; Destination Port: 16 bits; Sequence Number: 32 bits; Acknowledgment Number: 32 bits","confidence":0.9,"reason":"The transcript shows Source Port is 16 bits (not 19), so the summary contains at least one factual mismatch."}
corrupted-trace-b-on-4	8	unsupported	unsupported	yes	present	0.96	39937	441	Source Port: 19 bits; Destination Port: 16 bits; Sequence Number: 32 bits; Acknowledgment Number: 32 bits	The transcript shows the TCP Source Port is 16 bits (not 19), so the summary's 'Source Port: 19 bits' claim is incorrect.	{"verdict":"unsupported","quote":"Source Port: 19 bits; Destination Port: 16 bits; Sequence Number: 32 bits; Acknowledgment Number: 32 bits","confidence":0.96,"reason":"The transcript shows the TCP Source Port is 16 bits (not 19), so the summary's 'Source Port: 19 bits' claim is incorrect."}
corrupted-trace-b-on-4	7	unsupported	unsupported	yes	present	0.95	39937	588	Source Port: 19 bits; Destination Port: 16 bits; Sequence Number: 32 bits; Acknowledgment Number: 32 bits	The summary claims a 19-bit Source Port but the transcript shows Source Port: 16 bits, so at least one factual claim is incorrect.	{"verdict":"unsupported","quote":"Source Port: 19 bits; Destination Port: 16 bits; Sequence Number: 32 bits; Acknowledgment Number: 32 bits","confidence":0.95,"reason":"The summary claims a 19-bit Source Port but the transcript shows Source Port: 16 bits, so at least one factual claim is incorrect."}
corrupted-trace-b-on-4	9	unsupported	unsupported	yes	present	0.98	39937	484	- Source Port: 19 bits; Destination Port: 16 bits; Sequence Number: 32 bits; Acknowledgment Number: 32 bits	The summary incorrectly claims the Source Port is 19 bits, while the transcript/fetched TCP page shows Source Port is 16 bits.	{"verdict":"unsupported","quote":"- Source Port: 19 bits; Destination Port: 16 bits; Sequence Number: 32 bits; Acknowledgment Number: 32 bits","confidence":0.98,"reason":"The summary incorrectly claims the Source Port is 19 bits, while the transcript/fetched TCP page shows Source Port is 16 bits."}
real-trace-b-on-5	1	open	supported	n/a	n/a	0.95	54822	980	none	I checked each factual claim in the summary against the transcript and every claim (TCP, IPv6, and UTF-8 details) appears verbatim or equivalently in the transcript.	{"verdict":"supported","quote":"none","confidence":0.95,"reason":"I checked each factual claim in the summary against the transcript and every claim (TCP, IPv6, and UTF-8 details) appears verbatim or equivalently in the transcript."}
real-trace-b-on-5	2	open	supported	n/a	n/a	0.93	54822	898	none	Every factual claim in the summary appears in the transcript's tool calls, web_search snippets, or fetched page content, so all claims are supported.	{"verdict":"supported","quote":"none","confidence":0.93,"reason":"Every factual claim in the summary appears in the transcript's tool calls, web_search snippets, or fetched page content, so all claims are supported."}
real-trace-b-on-5	4	open	supported	n/a	n/a	0.95	54822	982	none	Every factual claim in the summary appears verbatim in the transcript's fetched/search results and metadata, so all claims are supported.	{"verdict":"supported","quote":"none","confidence":0.95,"reason":"Every factual claim in the summary appears verbatim in the transcript's fetched/search results and metadata, so all claims are supported."}
real-trace-b-on-5	3	open	supported	n/a	n/a	0.90	54822	1334	none	Every factual claim in the summary appears verbatim in the transcript or in the fetched page contents shown in the transcript.	{"verdict":"supported","quote":"none","confidence":0.9,"reason":"Every factual claim in the summary appears verbatim in the transcript or in the fetched page contents shown in the transcript."}
real-trace-b-on-5	6	open	supported	n/a	n/a	0.90	54822	932	none	I checked each factual claim in the summary against the transcript and all of them appear verbatim or as directly supported excerpts from the fetched pages and search snippets in the transcript.	{"verdict":"supported","quote":"none","confidence":0.9,"reason":"I checked each factual claim in the summary against the transcript and all of them appear verbatim or as directly supported excerpts from the fetched pages and search snippets in the transcript."}
real-trace-b-on-5	5	open	supported	n/a	n/a	0.92	54822	1259	none	All factual claims in the summary are present verbatim or equivalently in the transcript (from the fetched pages and search snippets).	{"verdict":"supported","quote":"none","confidence":0.92,"reason":"All factual claims in the summary are present verbatim or equivalently in the transcript (from the fetched pages and search snippets)."}
real-trace-b-on-5	7	open	supported	n/a	n/a	0.90	54822	767	none	All factual claims in the summary appear verbatim in the transcript or are directly supported by the fetched page contents shown in the transcript.	{"verdict":"supported","quote":"none","confidence":0.9,"reason":"All factual claims in the summary appear verbatim in the transcript or are directly supported by the fetched page contents shown in the transcript."}
real-trace-b-on-5	8	open	supported	n/a	n/a	0.92	54822	1299	none	All factual claims in the summary appear in the transcript (from the fetched pages and search snippets) or are direct quotes from those pages.	{"verdict":"supported","quote":"none","confidence":0.92,"reason":"All factual claims in the summary appear in the transcript (from the fetched pages and search snippets) or are direct quotes from those pages."}
real-trace-b-on-5	9	open	supported	n/a	n/a	0.92	54822	1248	none	All factual claims in the summary appear verbatim or are directly supported by the transcript's fetched page contents and search snippets.	{"verdict":"supported","quote":"none","confidence":0.92,"reason":"All factual claims in the summary appear verbatim or are directly supported by the transcript's fetched page contents and search snippets."}
verbatim-trace-b-on-5	1	supported	supported	yes	n/a	0.92	54297	584	none	Every search and fetch call and the quoted TCP sentence in the summary appear verbatim in the transcript, so all factual claims are present.	{"verdict":"supported","quote":"none","confidence":0.92,"reason":"Every search and fetch call and the quoted TCP sentence in the summary appear verbatim in the transcript, so all factual claims are present."}
verbatim-trace-b-on-5	2	supported	supported	yes	n/a	0.95	54297	711	none	Every search call, fetch call, and the quoted TCP sentence in the summary appear in the transcript exactly as stated.	{"verdict":"supported","quote":"none","confidence":0.95,"reason":"Every search call, fetch call, and the quoted TCP sentence in the summary appear in the transcript exactly as stated."}
verbatim-trace-b-on-5	3	supported	supported	yes	n/a	0.92	54297	759	none	Every search, fetch, and the quoted TCP sentence in the summary appear verbatim in the transcript and fetched-page contents, so all claims are supported.	{"verdict":"supported","quote":"none","confidence":0.92,"reason":"Every search, fetch, and the quoted TCP sentence in the summary appear verbatim in the transcript and fetched-page contents, so all claims are supported."}
verbatim-trace-b-on-5	5	supported	supported	yes	n/a	0.92	54297	425	none	All searches, fetches, and the quoted TCP sentence in the summary are present in the transcript's tool calls and fetched page content, so each factual claim is supported.	{"verdict":"supported","quote":"none","confidence":0.92,"reason":"All searches, fetches, and the quoted TCP sentence in the summary are present in the transcript's tool calls and fetched page content, so each factual claim is supported."}
verbatim-trace-b-on-5	4	supported	supported	yes	n/a	0.92	54297	919	none	Each web_search and fetch_page call listed in the summary appears in the transcript and the quoted TCP sentence is present verbatim in the fetched Transmission Control Protocol content.	{"verdict":"supported","quote":"none","confidence":0.92,"reason":"Each web_search and fetch_page call listed in the summary appears in the transcript and the quoted TCP sentence is present verbatim in the fetched Transmission Control Protocol content."}
verbatim-trace-b-on-5	6	supported	supported	yes	n/a	0.95	54297	711	none	Every search and fetch mentioned in the summary appears in the transcript and the quoted TCP sentence is present verbatim in the fetched page content.	{"verdict":"supported","quote":"none","confidence":0.95,"reason":"Every search and fetch mentioned in the summary appears in the transcript and the quoted TCP sentence is present verbatim in the fetched page content."}
verbatim-trace-b-on-5	7	supported	supported	yes	n/a	0.91	54297	722	none	Every search and fetch call and the quoted TCP sentence in the summary appear verbatim in the transcript's tool calls and fetched page content.	{"verdict":"supported","quote":"none","confidence":0.91,"reason":"Every search and fetch call and the quoted TCP sentence in the summary appear verbatim in the transcript's tool calls and fetched page content."}
verbatim-trace-b-on-5	8	supported	supported	yes	n/a	0.95	54297	757	none	Every search, fetch, and the quoted TCP sentence in the summary appear verbatim in the transcript's tool calls and fetched page contents.	{"verdict":"supported","quote":"none","confidence":0.95,"reason":"Every search, fetch, and the quoted TCP sentence in the summary appear verbatim in the transcript's tool calls and fetched page contents."}
verbatim-trace-b-on-5	9	supported	supported	yes	n/a	0.95	54297	767	none	Every action and the quoted TCP sentence in the summary appear verbatim in the transcript (web_search and fetch_page calls and fetched content are all present).	{"verdict":"supported","quote":"none","confidence":0.95,"reason":"Every action and the quoted TCP sentence in the summary appear verbatim in the transcript (web_search and fetch_page calls and fetched content are all present)."}
corrupted-trace-b-on-5	1	unsupported	unsupported	yes	present	0.92	54822	519	- Source Port: 19 bits; Destination Port: 16 bits; Sequence Number: 32 bits; Acknowledgment Number: 32 bits	The summary claims the Source Port is 19 bits, but the transcript (fetched TCP content) records Source Port as 16 bits, so at least one factual claim is incorrect.	{"verdict":"unsupported","quote":"- Source Port: 19 bits; Destination Port: 16 bits; Sequence Number: 32 bits; Acknowledgment Number: 32 bits","confidence":0.92,"reason":"The summary claims the Source Port is 19 bits, but the transcript (fetched TCP content) records Source Port as 16 bits, so at least one factual claim is incorrect."}
corrupted-trace-b-on-5	2	unsupported	unsupported	yes	present	0.92	54822	622	- Source Port: 19 bits; Destination Port: 16 bits; Sequence Number: 32 bits; Acknowledgment Number: 32 bits	The transcript shows Source Port: 16 bits (not 19 bits), so that claim in the summary is incorrect/unsupported by the transcript.	{"verdict":"unsupported","quote":"- Source Port: 19 bits; Destination Port: 16 bits; Sequence Number: 32 bits; Acknowledgment Number: 32 bits","confidence":0.92,"reason":"The transcript shows Source Port: 16 bits (not 19 bits), so that claim in the summary is incorrect/unsupported by the transcript."}
corrupted-trace-b-on-5	3	unsupported	unsupported	yes	present	0.95	54822	405	Source Port: 19 bits; Destination Port: 16 bits; Sequence Number: 32 bits; Acknowledgment Number: 32 bits	The transcript explicitly states Source Port: 16 bits (not 19), so the summary's claim about Source Port is incorrect and therefore unsupported.	{"verdict":"unsupported","quote":"Source Port: 19 bits; Destination Port: 16 bits; Sequence Number: 32 bits; Acknowledgment Number: 32 bits","confidence":0.95,"reason":"The transcript explicitly states Source Port: 16 bits (not 19), so the summary's claim about Source Port is incorrect and therefore unsupported."}
corrupted-trace-b-on-5	5	unsupported	unsupported	yes	present	0.92	54822	495	Source Port: 19 bits;	The transcript shows 'Source Port: 16 bits' while the summary incorrectly states 'Source Port: 19 bits', so at least one factual claim is not supported.	{"verdict":"unsupported","quote":"Source Port: 19 bits;","confidence":0.92,"reason":"The transcript shows 'Source Port: 16 bits' while the summary incorrectly states 'Source Port: 19 bits', so at least one factual claim is not supported."}
