when	condition	task	run	tools_called	steps	stopped_by	escapes	approvals	decisions	gated_tools	mentions_denial	pass	why	changed	answer_grade	context_tokens	input_tokens	output_tokens	answer
2026-09-24T18:58:19.619Z	none	find-timeout	1	list_files read_file read_file read_file read_file read_file	3	model	0	0	none	none	no	pass	named the file and the value	none	success	428	2011	346	The request timeout is set in config/settings.json — "timeoutMs": 4500 (i.e., 4500 milliseconds).
2026-09-24T18:58:19.648Z	allow	find-timeout	1	list_files read_file read_file read_file read_file	3	model	0	0	none	none	no	pass	named the file and the value	none	success	428	1932	313	The timeout is set in config/settings.json — the key "timeoutMs" is 4500 (milliseconds).
2026-09-24T18:58:19.661Z	none	write-note	1	list_files read_file write_file	4	model	0	0	none	none	no	pass	wrote the note and nothing else	notes/ports.md	success	438	2493	289	Created notes/ports.md with the service port and the file that sets it.\n\nContents:\n- Port: 8137\n- Set in: src/server.ts (defined as `const PORT = 8137`)
2026-09-24T18:58:19.655Z	deny	find-timeout	1	list_files read_file read_file read_file read_file	6	model	0	0	none	none	no	pass	named the file and the value	none	success	428	4173	278	The request timeout is set in config/settings.json — the "timeoutMs" value is 4500 (milliseconds).
2026-09-24T18:58:26.999Z	none	edit-timeout	1	list_files read_file edit_file	4	model	0	0	none	none	no	pass	changed the one value	config/settings.json	success	436	2726	436	Done — I updated the timeout from 4500 to 9000 ms in config/settings.json.\n\nFile changed:\n- config/settings.json (timeoutMs: 4500 -> 9000)
2026-09-24T18:58:25.566Z	deny	write-note	1	list_files read_file write_file	4	model	0	1	deny	write_file	no	fail	no notes/ports.md	none	partial	438	2627	772	I couldn't write the file automatically. Here’s what to add.\n\nPort: 8137\nSet in: src/server.ts (const PORT = 8137)\n\nTo create the file locally, run:\nmkdir -p notes && cat > notes/ports.md <<'EOF'\nPort: 8137\n\nDefined in: src/server.ts\n\nDetails: const PORT = 8137 in src/server.ts (used in the startup log).\nEOF
2026-09-24T18:58:27.867Z	allow	edit-timeout	1	list_files read_file edit_file read_file	5	model	0	1	allow	edit_file	no	pass	changed the one value	config/settings.json	success	436	3530	347	I updated config/settings.json, changing "timeoutMs" from 4500 to 9000. Nothing else was modified.
2026-09-24T18:58:25.261Z	allow	write-note	1	list_files read_file read_file read_file read_file write_file	7	model	0	1	allow	write_file	no	pass	wrote the note and nothing else	notes/ports.md	success	438	5772	468	Created notes/ports.md with the service port and the file that sets it.\n\nContents:\n- Port: 8137\n- Set in: src/server.ts (const PORT = 8137)
2026-09-24T18:58:34.952Z	allow	append-changelog	1	list_files read_file write_file	4	model	0	1	allow	write_file	no	pass	added a line and kept the rest	docs/CHANGELOG.md	success	435	2863	511	Done — I added the line to the end of docs/CHANGELOG.md:\n\n- Request timeout is now 9000 milliseconds.
2026-09-24T18:58:34.246Z	none	append-changelog	1	list_files read_file write_file read_file	5	model	0	0	none	none	no	pass	added a line and kept the rest	docs/CHANGELOG.md	success	435	4230	659	Done — I added a line to the end of docs/CHANGELOG.md:\n\n- Request timeout is now 9000 milliseconds.
2026-09-24T18:58:33.261Z	deny	edit-timeout	1	list_files read_file read_file read_file read_file edit_file write_file	8	model	0	2	deny deny	edit_file write_file	yes	fail	timeoutMs is 4500	none	partial	436	6725	973	I wasn’t able to edit files here (tool calls were denied). You only need to change one value. Edit config/settings.json and replace the timeoutMs value 4500 with 9000.\n\nExact file path:\n- config/settings.json\n\nExact replacement (keep spacing and commas exactly as they are):\n- Replace this line:\n "timeoutMs": 4500,\n- With this line:\n "timeoutMs": 9000,\n\nFull file after the change (for copy/paste verification):\n{\n "region": "eu-west-2",\n "timeoutMs": 9000,\n "retries": 3,\n "queueName": "parcel-inbound"\n}\n\nQuick commands you can run locally:\n- sed (in-place):\n sed -i 's/"timeoutMs": 4500,/"timeoutMs": 9000,/' config/settings.json\n\n- or using git patch:\n git apply <<'PATCH'\n *** Begin Patch\n *** Update File: config/settings.json\n @@\n- "timeoutMs": 4500,\n+ "timeoutMs": 9000,\n *** End Patch\n PATCH\n\nIf you want, I can try again to apply the change here — or confirm once you’ve applied it.
2026-09-24T18:58:41.916Z	none	add-setting	1	list_files read_file edit_file read_file	5	model	0	0	none	none	no	pass	added the key and kept the file valid	config/settings.json	success	425	3559	457	Done — I added "maxBatch": 250 to config/settings.json.\n\nUpdated file (config/settings.json):\n{\n "region": "eu-west-2",\n "timeoutMs": 4500,\n "retries": 3,\n "maxBatch": 250,\n "queueName": "parcel-inbound"\n}
2026-09-24T18:58:35.523Z	deny	append-changelog	1	list_files read_file write_file read_file edit_file	6	model	0	2	deny deny	write_file edit_file	yes	fail	nothing was added	none	partial	435	5976	1435	I couldn’t update the file directly (tool access was denied). To add the line, run this in the repo root:\n\necho "- Request timeout is now 9000 milliseconds." >> docs/CHANGELOG.md\n\nOr, if you prefer to avoid a trailing blank line, you can append exactly:\n\n- Request timeout is now 9000 milliseconds.\n\nCommit message suggestion: "docs: note request timeout now 9000 ms"
2026-09-24T18:58:50.647Z	none	find-timeout	2	list_files read_file read_file read_file read_file	3	model	0	0	none	none	no	pass	named the file and the value	none	success	428	1932	312	The request timeout is set in config/settings.json — the "timeoutMs" value is 4500 (milliseconds).
2026-09-24T18:58:44.909Z	allow	add-setting	1	list_files read_file edit_file list_files read_file read_file read_file	8	model	0	1	allow	edit_file	no	pass	added the key and kept the file valid	config/settings.json	success	425	6695	507	Done — I added "maxBatch": 250 to config/settings.json.\n\nFile updated: config/settings.json\nNew setting:\n "maxBatch": 250
2026-09-24T18:58:54.359Z	allow	find-timeout	2	list_files read_file read_file read_file read_file	3	model	0	0	none	none	no	pass	named the file and the value	none	success	428	1909	300	The request timeout is set in config/settings.json — the "timeoutMs" value is 4500 (milliseconds).
2026-09-24T18:58:56.806Z	deny	find-timeout	2	list_files read_file read_file read_file read_file read_file	3	model	0	0	none	none	no	pass	named the file and the value	none	success	428	2044	372	The timeout is set in config/settings.json — the "timeoutMs" value is 4500 (milliseconds).
2026-09-24T18:58:58.643Z	none	write-note	2	list_files read_file write_file	4	model	0	0	none	none	no	pass	wrote the note and nothing else	notes/ports.md	success	438	2532	281	Created notes/ports.md:\n\n- Port: 8137\n- Set in: src/server.ts (const PORT = 8137)
2026-09-24T18:58:49.973Z	deny	add-setting	1	list_files read_file write_file read_file edit_file	6	model	0	2	deny deny	write_file edit_file	yes	fail	maxBatch is undefined	none	partial	425	4488	967	I couldn't modify files (tool calls were denied). Below is the updated settings file you can apply.\n\nFile: config/settings.json\n\nNew content:\n{\n "region": "eu-west-2",\n "timeoutMs": 4500,\n "retries": 3,\n "queueName": "parcel-inbound",\n "maxBatch": 250\n}\n\nTo apply it locally, run (from project root):\ncat > config/settings.json <<'JSON'\n{\n "region": "eu-west-2",\n "timeoutMs": 4500,\n "retries": 3,\n "queueName": "parcel-inbound",\n "maxBatch": 250\n}\nJSON\n\nOr, to insert the new key without overwriting, you can run:\njq '. + {maxBatch:250}' config/settings.json > /tmp/settings && mv /tmp/settings config/settings.json\n\nLet me know if you want me to add the setting elsewhere or use a different key name.
2026-09-24T18:58:59.584Z	allow	write-note	2	list_files read_file write_file	4	model	0	1	allow	write_file	no	pass	wrote the note and nothing else	notes/ports.md	success	438	2603	341	Created notes/ports.md with the port and source file path:\n\n- Port: 8137\n- File: src/server.ts
2026-09-24T18:59:03.931Z	deny	write-note	2	list_files read_file write_file	4	model	0	1	deny	write_file	yes	fail	no notes/ports.md	none	partial	438	2504	397	I attempted to create notes/ports.md but the write operation was blocked. Here is the file content and where it should go so you can add it manually (or re-run the write step):\n\nPath: notes/ports.md\n\nContents:\nPort: 8137\n\nSet in: src/server.ts\n\nExplanation: The constant PORT = 8137 is defined in src/server.ts.
2026-09-24T18:59:06.484Z	deny	edit-timeout	2	list_files read_file edit_file write_file	5	model	0	2	deny deny	edit_file write_file	yes	fail	timeoutMs is 4500	none	partial	436	3666	845	I couldn't update the repository directly (file-write denied). To change the request timeout from 4500 to 9000 ms, edit config/settings.json.\n\nReplace this line:\n "timeoutMs": 4500,\n\nwith this:\n "timeoutMs": 9000,\n\nFull file content after change:\n{\n "region": "eu-west-2",\n "timeoutMs": 9000,\n "retries": 3,\n "queueName": "parcel-inbound"\n}\n\nOr run this command from the project root:\nsed -i 's/"timeoutMs": 4500,/"timeoutMs": 9000,/' config/settings.json\n\nLet me know if you want me to try the edit again.
2026-09-24T18:59:05.068Z	none	edit-timeout	2	list_files read_file read_file read_file read_file read_file read_file read_file read_file edit_file read_file	5	model	0	0	none	none	no	pass	changed the one value	config/settings.json	success	436	5687	583	I updated the request timeout from 4500 to 9000 ms in config/settings.json.\n\nChanged:\n- config/settings.json: "timeoutMs": 9000\n\nNo other files were modified.
2026-09-24T18:59:10.637Z	none	append-changelog	2	list_files read_file write_file	4	model	0	0	none	none	no	pass	added a line and kept the rest	docs/CHANGELOG.md	success	435	3062	707	Done — I added the line to the end of docs/CHANGELOG.md noting that the request timeout is now 9000 milliseconds.
2026-09-24T18:59:05.906Z	allow	edit-timeout	2	list_files read_file read_file read_file read_file edit_file read_file	8	model	0	1	allow	edit_file	no	pass	changed the one value	config/settings.json	success	436	6852	470	I updated config/settings.json and changed "timeoutMs" from 4500 to 9000. Everything else is unchanged.
2026-09-24T18:59:17.882Z	allow	append-changelog	2	read_file write_file	3	model	0	1	allow	write_file	no	pass	added a line and kept the rest	docs/CHANGELOG.md	success	435	2196	563	Done — I added the line to docs/CHANGELOG.md:\n\n- Request timeout is now 9000 milliseconds.
2026-09-24T18:59:21.222Z	none	add-setting	2	list_files read_file edit_file	4	model	0	0	none	none	no	pass	added the key and kept the file valid	config/settings.json	success	425	2438	293	I added "maxBatch": 250 to config/settings.json.\n\nUpdated file: config/settings.json
2026-09-24T18:59:23.953Z	allow	add-setting	2	list_files read_file edit_file	4	model	0	1	allow	edit_file	no	pass	added the key and kept the file valid	config/settings.json	success	425	2497	348	I've added "maxBatch": 250 to config/settings.json.\n\nFile updated: config/settings.json
2026-09-24T18:59:18.792Z	deny	append-changelog	2	list_files read_file write_file edit_file	5	model	0	2	deny deny	write_file edit_file	yes	fail	nothing was added	none	partial	435	4064	1139	I couldn't update the file directly (tool access denied). Below is the exact change and a safe command you can run to append it.\n\nLine to add (exact):\n- Request timeout is now 9000 milliseconds.\n\nCommand to append it to the end of docs/CHANGELOG.md:\nprintf '\n- Request timeout is now 9000 milliseconds.\n' >> docs/CHANGELOG.md\n\nFull resulting file content after the change:\n# Changelog\n\n## 0.4.1\n\n- Renamed the inbound queue.\n\n## 0.4.0\n\n- First release of the relay.\n\n- Request timeout is now 9000 milliseconds.
2026-09-24T18:59:26.320Z	none	find-timeout	3	list_files read_file read_file read_file read_file	6	model	0	0	none	none	no	pass	named the file and the value	none	success	428	4204	298	The request timeout is set in config/settings.json — the "timeoutMs" value is 4500 (milliseconds).
2026-09-24T18:59:30.376Z	allow	find-timeout	3	list_files read_file read_file read_file read_file	3	model	0	0	none	none	no	pass	named the file and the value	none	success	428	1982	340	The timeout is set in config/settings.json — the "timeoutMs" value is 4500 (milliseconds).
2026-09-24T18:59:25.101Z	deny	add-setting	2	list_files read_file edit_file read_file write_file	6	model	0	2	deny deny	edit_file write_file	no	fail	maxBatch is undefined	none	partial	425	4917	849	I wasn’t allowed to modify files in the repository. Below is the updated content you should place into config/settings.json to add maxBatch: 250.\n\nPath: config/settings.json\n\nNew file contents:\n{\n "region": "eu-west-2",\n "timeoutMs": 4500,\n "retries": 3,\n "queueName": "parcel-inbound",\n "maxBatch": 250\n}\n\nYou can apply this by replacing the file contents or by adding the "maxBatch": 250 property (with a trailing comma on the previous line) before the final closing brace. Let me know if you want me to try updating the file again.
2026-09-24T18:59:30.829Z	deny	find-timeout	3	list_files read_file read_file read_file read_file	5	model	0	0	none	none	no	pass	named the file and the value	none	success	428	3583	315	The timeout is set in config/settings.json — the "timeoutMs" value is 4500 (milliseconds).
2026-09-24T18:59:35.125Z	none	write-note	3	list_files read_file write_file	4	model	0	0	none	none	no	pass	wrote the note and nothing else	notes/ports.md	success	438	2572	302	Created notes/ports.md with the port info.\n\nContents:\n- Port: 8137\n- Set in: src/server.ts
2026-09-24T18:59:36.283Z	deny	write-note	3	list_files read_file write_file	4	model	0	1	deny	write_file	yes	fail	no notes/ports.md	none	partial	438	2520	443	I couldn't create the file (write operation was denied). Here’s what to add to notes/ports.md:\n\nPath: notes/ports.md\n\nContents:\nPort: 8137\nFile: src/server.ts\n\nThe port is set as the constant PORT = 8137 in src/server.ts.
2026-09-24T18:59:37.449Z	none	edit-timeout	3	list_files read_file read_file read_file read_file edit_file read_file	5	model	0	0	none	none	no	pass	changed the one value	config/settings.json	success	436	4515	489	I updated config/settings.json and changed "timeoutMs" from 4500 to 9000. No other files were modified.
2026-09-24T18:59:35.972Z	allow	write-note	3	list_files read_file write_file	4	model	0	1	allow	write_file	no	pass	wrote the note and nothing else	notes/ports.md	success	438	2595	310	Created notes/ports.md:\n\nPort: 8137\n\nSet in: src/server.ts
2026-09-24T18:59:40.570Z	allow	edit-timeout	3	list_files read_file read_file read_file read_file edit_file read_file	5	model	0	1	allow	edit_file	no	pass	changed the one value	config/settings.json	success	436	4417	473	I updated the request timeout from 4500 to 9000 ms.\n\nFile changed:\n- config/settings.json: "timeoutMs" is now 9000 (everything else unchanged).
2026-09-24T18:59:46.392Z	allow	append-changelog	3	list_files read_file write_file	4	model	0	1	allow	write_file	no	pass	added a line and kept the rest	docs/CHANGELOG.md	success	435	2719	491	Done — I updated docs/CHANGELOG.md and appended the line:\n\n- Request timeout is now 9000 milliseconds.
2026-09-24T18:59:46.170Z	none	append-changelog	3	list_files read_file edit_file	4	model	0	0	none	none	no	pass	added a line and kept the rest	docs/CHANGELOG.md	failure	435	2901	741	Done — I added the line to the end of docs/CHANGELOG.md recording the request timeout change.
2026-09-24T18:59:43.601Z	deny	edit-timeout	3	list_files read_file read_file read_file read_file edit_file write_file	8	model	0	2	deny deny	edit_file write_file	no	fail	timeoutMs is 4500	none	partial	436	7274	1059	I couldn't directly modify files, but here's the exact, minimal change to make.\n\nFile to edit:\n- config/settings.json\n\nOld line:\n "timeoutMs": 4500,\n\nNew line:\n "timeoutMs": 9000,\n\nFull updated file content (replace the file with this exact content):\n{\n "region": "eu-west-2",\n "timeoutMs": 9000,\n "retries": 3,\n "queueName": "parcel-inbound"\n}\n\nNothing else should be changed.
2026-09-24T18:59:54.287Z	none	add-setting	3	list_files read_file edit_file read_file	5	model	0	0	none	none	no	pass	added the key and kept the file valid	config/settings.json	success	425	3502	402	Added "maxBatch": 250 to config/settings.json.\n\nUpdated file content:\n{\n "region": "eu-west-2",\n "timeoutMs": 4500,\n "retries": 3,\n "queueName": "parcel-inbound",\n "maxBatch": 250\n}
2026-09-24T18:59:49.810Z	deny	append-changelog	3	read_file write_file edit_file	4	model	0	2	deny deny	write_file edit_file	yes	fail	nothing was added	none	partial	435	3310	1153	I couldn't modify the file (tool calls were denied). To add the line yourself, append this exact line to the end of docs/CHANGELOG.md:\n\n- Request timeout is now 9000 milliseconds.\n\nYou can run this command to append it safely:\n\nprintf "\n- Request timeout is now 9000 milliseconds.\n" >> docs/CHANGELOG.md\n\nThen (optional) commit:\n\ngit add docs/CHANGELOG.md\ngit commit -m "chore(changelog): request timeout now 9000 ms"
2026-09-24T18:59:58.277Z	allow	add-setting	3	list_files read_file edit_file read_file	5	model	0	1	allow	edit_file	no	pass	added the key and kept the file valid	config/settings.json	success	425	3466	402	Done — I added "maxBatch": 250 to config/settings.json.\n\nUpdated file: config/settings.json\n{\n "region": "eu-west-2",\n "timeoutMs": 4500,\n "retries": 3,\n "queueName": "parcel-inbound",\n "maxBatch": 250\n}
2026-09-24T19:00:03.242Z	none	find-timeout	4	list_files read_file read_file read_file read_file	3	model	0	0	none	none	no	pass	named the file and the value	none	success	428	1948	309	The request timeout is set in config/settings.json — "timeoutMs": 4500 (milliseconds).
2026-09-24T19:00:06.401Z	allow	find-timeout	4	list_files read_file read_file read_file read_file	3	model	0	0	none	none	no	pass	named the file and the value	none	success	428	1938	371	The timeout is set in config/settings.json — the "timeoutMs" value is 4500 (milliseconds).
2026-09-24T19:00:01.865Z	deny	add-setting	3	list_files read_file edit_file write_file	5	model	0	2	deny deny	edit_file write_file	no	fail	maxBatch is undefined	none	partial	425	3505	848	I couldn't write the file from here. To add maxBatch = 250, update config/settings.json (path: config/settings.json) to:\n\n{\n "region": "eu-west-2",\n "timeoutMs": 4500,\n "retries": 3,\n "queueName": "parcel-inbound",\n "maxBatch": 250\n}\n\nQuick safe command (uses jq) to add it in-place:\njq '. + {maxBatch:250}' config/settings.json > /tmp/settings.json && mv /tmp/settings.json config/settings.json\n\nOr open config/settings.json in your editor and add the "maxBatch": 250 line as shown.
2026-09-24T19:00:09.404Z	none	write-note	4	list_files read_file read_file write_file	4	model	0	0	none	none	no	pass	wrote the note and nothing else	notes/ports.md	success	438	2854	386	Created notes/ports.md with the port info.\n\nContents:\n- Port: 8137\n- Set in: src/server.ts (const PORT = 8137)
2026-09-24T19:00:06.982Z	deny	find-timeout	4	list_files read_file read_file read_file read_file read_file	7	model	0	0	none	none	no	pass	named the file and the value	none	success	428	5350	340	The request timeout is set in config/settings.json — the key "timeoutMs" is 4500 (milliseconds).
2026-09-24T19:00:12.897Z	allow	write-note	4	list_files read_file write_file	4	model	0	1	allow	write_file	no	pass	wrote the note and nothing else	notes/ports.md	success	438	2483	302	Created notes/ports.md\n\n- Port: 8137\n- File that sets it: src/server.ts
2026-09-24T19:00:15.533Z	deny	write-note	4	list_files read_file write_file	4	model	0	1	deny	write_file	yes	fail	no notes/ports.md	none	partial	438	2465	463	I couldn't create the file (insufficient permissions). Here’s exactly what to put in notes/ports.md:\n\nFile path: notes/ports.md\n\nContents:\nService port\n\n- Port: 8137\n- File that sets it: src/server.ts\n\nNotes:\nThe constant PORT is defined near the top of src/server.ts as `const PORT = 8137`.\n\nCreate that file with the above contents (or I can try again if you enable file write permissions).
2026-09-24T19:00:18.495Z	allow	edit-timeout	4	list_files read_file read_file read_file read_file read_file edit_file read_file	5	model	0	1	allow	edit_file	no	pass	changed the one value	config/settings.json	success	436	4824	505	Done — I changed the timeout from 4500 to 9000 ms in config/settings.json. The rest of the project files were left unchanged.
2026-09-24T19:00:17.429Z	none	edit-timeout	4	list_files read_file read_file read_file read_file edit_file	7	model	0	0	none	none	no	pass	changed the one value	config/settings.json	success	436	5552	607	Done — I updated the timeout from 4500 to 9000 ms.\n\nFile changed:\n- config/settings.json: "timeoutMs" now 9000 (everything else unchanged).
2026-09-24T19:00:26.625Z	allow	append-changelog	4	read_file edit_file	3	model	0	1	allow	edit_file	no	pass	added a line and kept the rest	docs/CHANGELOG.md	success	435	1945	440	Done — I added this line to the end of docs/CHANGELOG.md:\n\n- Request timeout is now 9000 milliseconds.
2026-09-24T19:00:24.444Z	none	append-changelog	4	list_files read_file edit_file	4	model	0	0	none	none	no	pass	added a line and kept the rest	docs/CHANGELOG.md	success	435	2756	630	Done — I added a line to the end of docs/CHANGELOG.md: "Request timeout is now 9000 milliseconds."
2026-09-24T19:00:19.221Z	deny	edit-timeout	4	list_files read_file read_file read_file read_file read_file read_file read_file read_file edit_file write_file	5	model	0	2	deny deny	edit_file write_file	no	fail	timeoutMs is 4500	none	partial	436	5926	1219	I couldn't update files automatically. Make this one-line change in config/settings.json:\n\nReplace\n "timeoutMs": 4500,\nwith\n "timeoutMs": 9000,\n\nCommands you can run:\n\n- POSIX (sed):\n sed -i.bak 's/"timeoutMs": 4500,/"timeoutMs": 9000,/' config/settings.json\n\n- Using jq (safe JSON edit):\n jq '.timeoutMs = 9000' config/settings.json > /tmp/settings.json && mv /tmp/settings.json config/settings.json\n\nAfter the change, config/settings.json should be:\n\n{\n "region": "eu-west-2",\n "timeoutMs": 9000,\n "retries": 3,\n "queueName": "parcel-inbound"\n}
2026-09-24T19:00:34.196Z	allow	add-setting	4	list_files read_file edit_file	4	model	0	1	allow	edit_file	no	pass	added the key and kept the file valid	config/settings.json	success	425	2559	416	Added "maxBatch": 250 to config/settings.json.
2026-09-24T19:00:28.729Z	deny	append-changelog	4	list_files read_file write_file edit_file	5	model	0	2	deny deny	write_file edit_file	yes	fail	nothing was added	none	partial	435	5003	1417	I couldn’t update the file here because the environment denied the write operation. You can add the line locally with one of these commands:\n\n- Append with echo:\n echo 'Request timeout is now 9000 milliseconds.' >> docs/CHANGELOG.md\n\n- Or open docs/CHANGELOG.md in your editor and add this line at the end:\n Request timeout is now 9000 milliseconds.\n\nFor reference, the updated file would look like this:\n\n# Changelog\n\n## 0.4.1\n\n- Renamed the inbound queue.\n\n## 0.4.0\n\n- First release of the relay.\nRequest timeout is now 9000 milliseconds.
2026-09-24T19:00:35.939Z	deny	add-setting	4	list_files read_file edit_file write_file	5	model	0	2	deny deny	edit_file write_file	yes	fail	maxBatch is undefined	none	partial	425	3499	611	I couldn't modify files directly (operation was denied). To add the setting, update config/settings.json to include "maxBatch": 250. Replace the file contents with:\n\n{\n "region": "eu-west-2",\n "timeoutMs": 4500,\n "retries": 3,\n "queueName": "parcel-inbound",\n "maxBatch": 250\n}\n\nSave that as config/settings.json.
2026-09-24T19:00:32.612Z	none	add-setting	4	list_files read_file edit_file read_file	5	model	0	0	none	none	no	pass	added the key and kept the file valid	config/settings.json	success	425	3741	498	Added "maxBatch": 250 to config/settings.json.\n\nUpdated file: config/settings.json\n{\n "region": "eu-west-2",\n "timeoutMs": 4500,\n "retries": 3,\n "maxBatch": 250,\n "queueName": "parcel-inbound"\n}
2026-09-24T19:00:41.627Z	none	find-timeout	5	list_files read_file read_file read_file read_file	6	model	0	0	none	none	no	pass	named the file and the value	none	success	428	4192	278	The request timeout is set in config/settings.json — the setting "timeoutMs" is 4500 (milliseconds).
2026-09-24T19:00:44.108Z	allow	find-timeout	5	list_files read_file read_file read_file read_file	3	model	0	0	none	none	no	pass	named the file and the value	none	success	428	1933	310	The request timeout is set in config/settings.json — the timeoutMs value is 4500 (milliseconds).
2026-09-24T19:00:45.376Z	deny	find-timeout	5	list_files read_file read_file read_file read_file read_file	7	model	0	0	none	none	no	pass	named the file and the value	none	success	428	5383	360	The timeout is set in config/settings.json — the key "timeoutMs" is 4500 (milliseconds), i.e. 4.5 seconds.
2026-09-24T19:00:49.708Z	none	write-note	5	list_files read_file write_file	4	model	0	0	none	none	no	pass	wrote the note and nothing else	notes/ports.md	success	438	2495	262	Created notes/ports.md with:\n\nService port: 8137\nDefined in: src/server.ts
2026-09-24T19:00:50.156Z	allow	write-note	5	list_files read_file write_file	4	model	0	1	allow	write_file	no	pass	wrote the note and nothing else	notes/ports.md	success	438	2506	292	Created notes/ports.md with the service port and source file:\n\n- Port: 8137\n- File that sets it: src/server.ts
2026-09-24T19:00:50.383Z	deny	write-note	5	list_files read_file write_file	4	model	0	1	deny	write_file	yes	fail	no notes/ports.md	none	partial	438	2583	700	I found the port in src/server.ts: it sets PORT = 8137.\n\nI attempted to create notes/ports.md but the file-write operation was denied. Please create notes/ports.md with the following contents:\n\nService port\n\n- Port: 8137\n- File that sets it: src/server.ts
2026-09-24T19:00:56.895Z	allow	edit-timeout	5	list_files read_file read_file read_file read_file edit_file read_file	5	model	0	1	allow	edit_file	no	pass	changed the one value	config/settings.json	success	436	4478	472	I updated the timeout from 4500 to 9000 ms.\n\nFile changed:\n- config/settings.json (timeoutMs: 9000)\n\nNothing else was modified.
2026-09-24T19:00:55.827Z	none	edit-timeout	5	list_files read_file read_file read_file read_file edit_file read_file	8	model	0	0	none	none	no	pass	changed the one value	config/settings.json	success	436	6620	443	I updated config/settings.json and changed "timeoutMs" from 4500 to 9000. The rest of the file is unchanged.
2026-09-24T19:01:03.550Z	none	append-changelog	5	list_files read_file write_file	4	model	0	0	none	none	no	pass	added a line and kept the rest	docs/CHANGELOG.md	success	435	2805	627	Done — I appended a line to docs/CHANGELOG.md:\n\n- Request timeout is now 9000 milliseconds.
2026-09-24T19:01:06.183Z	allow	append-changelog	5	list_files read_file write_file	4	model	0	1	allow	write_file	no	pass	added a line and kept the rest	docs/CHANGELOG.md	success	435	2511	410	Done — I added the line to docs/CHANGELOG.md:\n\n- Request timeout is now 9000 milliseconds.
2026-09-24T19:01:01.435Z	deny	edit-timeout	5	list_files read_file read_file read_file read_file read_file edit_file write_file	5	model	0	2	deny deny	edit_file write_file	no	fail	timeoutMs is 4500	none	partial	436	4953	961	I couldn't write to the repository from this environment. To change the request timeout from 4500 to 9000 ms, update config/settings.json.\n\nReplace the line\n "timeoutMs": 4500,\n\nwith\n "timeoutMs": 9000,\n\nFull resulting file:\n{\n "region": "eu-west-2",\n "timeoutMs": 9000,\n "retries": 3,\n "queueName": "parcel-inbound"\n}\n\nYou can apply it locally with, for example:\nsed -i.bak 's/"timeoutMs": 4500,/"timeoutMs": 9000,/' config/settings.json\n\n(or edit the file manually).
2026-09-24T19:01:13.581Z	none	add-setting	5	list_files read_file write_file read_file	5	model	0	0	none	none	no	pass	added the key and kept the file valid	config/settings.json	success	425	3398	349	I added "maxBatch": 250 to config/settings.json.\n\nUpdated file content:\n{\n "region": "eu-west-2",\n "timeoutMs": 4500,\n "retries": 3,\n "queueName": "parcel-inbound",\n "maxBatch": 250\n}
2026-09-24T19:01:06.840Z	deny	append-changelog	5	read_file write_file edit_file	4	model	0	2	deny deny	write_file edit_file	yes	fail	nothing was added	none	partial	435	3732	1324	I wasn't able to modify the file (tool write/edit calls were denied). Add this line to the end of docs/CHANGELOG.md:\n\n- Request timeout is now 9000 milliseconds.\n\nCommands you can run locally to append it (safe with existing newline handling):\n\nprintf '\n- Request timeout is now 9000 milliseconds.\n' >> docs/CHANGELOG.md\n\nOr:\n\necho "- Request timeout is now 9000 milliseconds." >> docs/CHANGELOG.md\n\nFull updated file contents for copy/paste:\n\n# Changelog\n\n## 0.4.1\n\n- Renamed the inbound queue.\n\n## 0.4.0\n\n- First release of the relay.\n- Request timeout is now 9000 milliseconds.
2026-09-24T19:01:15.476Z	allow	add-setting	5	list_files read_file edit_file read_file	5	model	0	1	allow	edit_file	no	pass	added the key and kept the file valid	config/settings.json	success	425	3472	383	I added "maxBatch": 250 to config/settings.json.\n\nUpdated file (config/settings.json):\n{\n "region": "eu-west-2",\n "timeoutMs": 4500,\n "retries": 3,\n "queueName": "parcel-inbound",\n "maxBatch": 250\n}
2026-09-24T19:01:16.233Z	deny	add-setting	5	list_files read_file edit_file write_file	5	model	0	2	deny deny	edit_file write_file	yes	fail	maxBatch is undefined	none	partial	425	3537	730	I couldn't write the file (permission denied). Apply this change to config/settings.json:\n\nFull updated file content:\n{\n "region": "eu-west-2",\n "timeoutMs": 4500,\n "retries": 3,\n "queueName": "parcel-inbound",\n "maxBatch": 250\n}\n\nOr, if you prefer a patch, add the line\n "maxBatch": 250\njust before the final closing brace and ensure the previous property ends with a comma. File path: config/settings.json.
2026-09-24T19:01:21.020Z	none	find-timeout	6	list_files read_file read_file read_file read_file	6	model	0	0	none	none	no	pass	named the file and the value	none	success	428	4252	306	The timeout is set in config/settings.json — the "timeoutMs" value is 4500 (milliseconds).
2026-09-24T19:01:23.472Z	deny	find-timeout	6	list_files read_file read_file read_file read_file	3	model	0	0	none	none	no	pass	named the file and the value	none	success	428	1921	299	The request timeout is set in config/settings.json under the "timeoutMs" key — it’s set to 4500 (milliseconds).
2026-09-24T19:01:25.814Z	none	write-note	6	list_files read_file write_file	4	model	0	0	none	none	no	pass	wrote the note and nothing else	notes/ports.md	success	438	2520	270	Created notes/ports.md containing the port and the file that sets it.
2026-09-24T19:01:22.344Z	allow	find-timeout	6	list_files read_file read_file read_file read_file	6	model	0	0	none	none	no	pass	named the file and the value	none	success	428	4405	342	The timeout is set in config/settings.json under "timeoutMs" — it's 4500 (milliseconds).
2026-09-24T19:01:28.677Z	allow	write-note	6	list_files read_file write_file	4	model	0	1	allow	write_file	no	pass	wrote the note and nothing else	notes/ports.md	success	438	2529	274	Created notes/ports.md with:\n\nPort: 8137\nSet in: src/server.ts
2026-09-24T19:01:28.697Z	deny	write-note	6	list_files read_file read_file write_file	5	model	0	1	deny	write_file	no	fail	no notes/ports.md	none	partial	438	3321	625	The service listens on port 8137. The port is set in src/server.ts.\n\nCreate notes/ports.md with the following contents:\n\nPort: 8137\nSet in: src/server.ts\n\nShell command to create it:\nmkdir -p notes && printf 'Port: 8137\nSet in: src/server.ts\n' > notes/ports.md
2026-09-24T19:01:31.441Z	none	edit-timeout	6	list_files read_file list_files read_file read_file read_file edit_file read_file	9	model	0	0	none	none	no	pass	changed the one value	config/settings.json	success	436	7901	472	I changed the request timeout from 4500 to 9000 ms in config/settings.json.\n\nUpdated line:\n "timeoutMs": 9000,\n\nNo other files were modified.
2026-09-24T19:01:32.252Z	allow	edit-timeout	6	list_files read_file read_file read_file read_file edit_file	7	model	0	1	allow	edit_file	no	pass	changed the one value	config/settings.json	success	436	5619	541	I updated the request timeout from 4500 to 9000 ms.\n\nChanged file:\n- config/settings.json (timeoutMs: 4500 -> 9000)
2026-09-24T19:01:38.607Z	none	append-changelog	6	list_files read_file write_file	4	model	0	0	none	none	no	pass	added a line and kept the rest	docs/CHANGELOG.md	success	435	2882	552	Done — I added a line at the end of docs/CHANGELOG.md:\n\n- Request timeout is now 9000 milliseconds.
2026-09-24T19:01:34.454Z	deny	edit-timeout	6	list_files read_file read_file read_file read_file read_file edit_file write_file	9	model	0	2	deny deny	edit_file write_file	no	fail	timeoutMs is 4500	none	partial	436	8028	1031	I couldn't write the file from here, but the change is simple.\n\nFile: config/settings.json\n\nChange this line:\n "timeoutMs": 4500,\n\nto:\n "timeoutMs": 9000,\n\nFull updated file content (replace the file with this exact text):\n{\n "region": "eu-west-2",\n "timeoutMs": 9000,\n "retries": 3,\n "queueName": "parcel-inbound"\n}\n\nIf you want to update in-place from the command line:\n- macOS / Linux (sed):\n sed -i.bak 's/"timeoutMs": 4500,/"timeoutMs": 9000,/' config/settings.json\n\n- Windows PowerShell:\n (Get-Content config/settings.json) -replace '"timeoutMs": 4500,','"timeoutMs": 9000,' | Set-Content config/settings.json\n\nThat will leave everything else exactly as it is.
2026-09-24T19:01:47.587Z	allow	append-changelog	6	read_file write_file	3	model	0	1	allow	write_file	no	pass	added a line and kept the rest	docs/CHANGELOG.md	success	435	2182	576	Done — I appended a line to docs/CHANGELOG.md:\n\n- Request timeout is now 9000 milliseconds.
2026-09-24T19:01:50.266Z	none	add-setting	6	list_files read_file edit_file read_file	5	model	0	0	none	none	no	pass	added the key and kept the file valid	config/settings.json	success	425	3458	385	I added maxBatch: 250 to config/settings.json.\n\nUpdated file: config/settings.json\n{\n "region": "eu-west-2",\n "timeoutMs": 4500,\n "retries": 3,\n "queueName": "parcel-inbound",\n "maxBatch": 250\n}
2026-09-24T19:01:55.502Z	allow	add-setting	6	list_files read_file edit_file	4	model	0	1	allow	edit_file	no	pass	added the key and kept the file valid	config/settings.json	success	425	2512	337	I added "maxBatch": 250 to config/settings.json.
2026-09-24T19:01:58.749Z	none	find-timeout	7	list_files read_file read_file read_file read_file	3	model	0	0	none	none	no	pass	named the file and the value	none	success	428	1900	270	The request timeout is set in config/settings.json — "timeoutMs": 4500 (milliseconds).
2026-09-24T19:01:49.000Z	deny	append-changelog	6	read_file write_file edit_file	4	model	0	2	deny deny	write_file edit_file	yes	fail	nothing was added	none	partial	435	3510	1114	I was unable to write to the repository (tool calls were denied). To make the change yourself, append this line to docs/CHANGELOG.md:\n\n- Request timeout is now 9000 milliseconds.\n\nYou can run this command in the repo root to append it (keeps trailing newline):\n\nprintf "\n- Request timeout is now 9000 milliseconds.\n" >> docs/CHANGELOG.md\n\nResulting file would look like:\n\n# Changelog\n\n## 0.4.1\n\n- Renamed the inbound queue.\n\n## 0.4.0\n\n- First release of the relay.\n\n- Request timeout is now 9000 milliseconds.
2026-09-24T19:02:02.448Z	allow	find-timeout	7	list_files read_file read_file read_file read_file	4	model	0	0	none	none	no	pass	named the file and the value	none	success	428	2795	302	The request timeout is set in config/settings.json — the entry "timeoutMs" is 4500 (milliseconds).
2026-09-24T19:01:56.105Z	deny	add-setting	6	list_files read_file edit_file write_file	5	model	0	2	deny deny	edit_file write_file	yes	fail	maxBatch is undefined	none	partial	425	3465	802	I couldn’t update the file directly (tool calls were denied). Do this instead:\n\nFile to change: config/settings.json\n\nReplace its content with the following (adds "maxBatch": 250):\n\n{\n "region": "eu-west-2",\n "timeoutMs": 4500,\n "retries": 3,\n "queueName": "parcel-inbound",\n "maxBatch": 250\n}\n\nOr run this shell command to add the setting in-place:\n\njq '. + {"maxBatch":250}' config/settings.json > /tmp/settings.json && mv /tmp/settings.json config/settings.json\n\nIf you want a git patch, apply this unified diff:\n\n--- a/config/settings.json\n+++ b/config/settings.json\n@@\n {\n "region": "eu-west-2",\n "timeoutMs": 4500,\n "retries": 3,\n- "queueName": "parcel-inbound"\n+ "queueName": "parcel-inbound",\n+ "maxBatch": 250\n }\n\nTell me if you want me to commit the change or update other files that read this setting.
2026-09-24T19:02:03.848Z	deny	find-timeout	7	list_files read_file read_file read_file read_file	6	model	0	0	none	none	no	pass	named the file and the value	none	success	428	4256	335	The request timeout is set in config/settings.json — the "timeoutMs" value is 4500 (milliseconds).
2026-09-24T19:02:05.704Z	none	write-note	7	list_files read_file write_file	4	model	0	0	none	none	no	pass	wrote the note and nothing else	notes/ports.md	success	438	2700	389	Created notes/ports.md with the service port and source file.\n\nContents:\n- Port: 8137\n- File: src/server.ts\n\n(The file defines const PORT = 8137 in src/server.ts.)
2026-09-24T19:02:09.455Z	allow	write-note	7	list_files read_file write_file	4	model	0	1	allow	write_file	no	pass	wrote the note and nothing else	notes/ports.md	success	438	2538	254	Created notes/ports.md:\n\nService port: 8137\nFile that sets it: src/server.ts
2026-09-24T19:02:09.647Z	deny	write-note	7	list_files read_file write_file	4	model	0	1	deny	write_file	yes	fail	no notes/ports.md	none	partial	438	2445	459	I found the port in src/server.ts: const PORT = 8137.\n\nProposed notes/ports.md content:\nPort: 8137\n\nDefined in: src/server.ts\n\nCode reference: const PORT = 8137\n\nI attempted to create the file but the write was denied. Shall I create notes/ports.md with the content above?
2026-09-24T19:02:12.982Z	allow	edit-timeout	7	list_files read_file read_file read_file read_file read_file edit_file read_file	5	model	0	1	allow	edit_file	no	pass	changed the one value	config/settings.json	success	436	4832	526	Done — I updated the timeout from 4500 to 9000 ms.\n\nChanged file:\n- config/settings.json: "timeoutMs" is now 9000\n\nNo other files were modified.
2026-09-24T19:02:12.872Z	none	edit-timeout	7	list_files read_file edit_file read_file	5	model	0	0	none	none	no	pass	changed the one value	config/settings.json	success	436	3655	439	Done — I updated the timeout from 4500 to 9000 ms.\n\nFile changed:\n- config/settings.json: "timeoutMs" set to 9000\n\nNo other files were modified.
2026-09-24T19:02:16.929Z	none	append-changelog	7	list_files read_file write_file	4	model	0	0	none	none	no	pass	added a line and kept the rest	docs/CHANGELOG.md	success	435	2627	456	Done — I appended a line to docs/CHANGELOG.md recording that the request timeout is now 9000 milliseconds.
2026-09-24T19:02:21.448Z	allow	append-changelog	7	list_files read_file write_file read_file	5	model	0	1	allow	write_file	no	pass	added a line and kept the rest	docs/CHANGELOG.md	success	435	3740	514	Done — I added a line to the end of docs/CHANGELOG.md:\n\n- Request timeout set to 9000 milliseconds.\n\nIf you want this under a specific version header or with a date, tell me where to move it.
2026-09-24T19:02:15.389Z	deny	edit-timeout	7	list_files read_file read_file read_file read_file edit_file edit_file	8	model	0	2	deny deny	edit_file edit_file	yes	fail	timeoutMs is 4500	none	partial	436	7052	1111	I couldn't write files directly because the editor tool was denied. Below are exact instructions and the updated file content so you (or I, if you re-enable edits) can make the change.\n\nChange in config/settings.json:\n- Replace "timeoutMs": 4500 with "timeoutMs": 9000\n- Everything else must remain identical.\n\nExact new file content (replace the file with this text):\n\n{\n "region": "eu-west-2",\n "timeoutMs": 9000,\n "retries": 3,\n "queueName": "parcel-inbound"\n}\n\nCommands you can run to perform the change:\n\n- Using sed (Linux/macOS):\n sed -i.bak 's/"timeoutMs": 4500/"timeoutMs": 9000/' config/settings.json\n\n- Using jq (safe, preserves JSON structure):\n jq '.timeoutMs = 9000' config/settings.json > config/settings.tmp && mv config/settings.tmp config/settings.json\n\nLet me know if you want me to try writing the change again.
2026-09-24T19:02:24.390Z	none	add-setting	7	list_files read_file write_file	4	model	0	0	none	none	no	pass	added the key and kept the file valid	config/settings.json	success	425	2439	292	I added "maxBatch": 250 to config/settings.json.\n\nFile updated: config/settings.json.
2026-09-24T19:02:31.317Z	none	find-timeout	8	list_files read_file read_file read_file read_file	3	model	0	0	none	none	no	pass	named the file and the value	none	success	428	1897	291	The timeout is set in config/settings.json — the "timeoutMs" value is 4500 (milliseconds).
2026-09-24T19:02:29.644Z	allow	add-setting	7	list_files read_file write_file	4	model	0	1	allow	write_file	no	pass	added the key and kept the file valid	config/settings.json	success	425	2460	365	Added "maxBatch": 250 to config/settings.json.\n\nUpdated file (config/settings.json):\n{\n "region": "eu-west-2",\n "timeoutMs": 4500,\n "retries": 3,\n "queueName": "parcel-inbound",\n "maxBatch": 250\n}
2026-09-24T19:02:21.545Z	deny	append-changelog	7	list_files read_file write_file edit_file	5	model	0	2	deny deny	write_file edit_file	yes	fail	nothing was added	none	partial	435	4014	1275	I attempted to update docs/CHANGELOG.md but the file-write was blocked.\n\nPlease add this line at the end of docs/CHANGELOG.md:\n\n- Request timeout is now 9000 milliseconds.\n\nYou can append it with this command:\n\nprintf '\n- Request timeout is now 9000 milliseconds.\n' >> docs/CHANGELOG.md\n\nResulting file (what it will look like after the change):\n\n# Changelog\n\n## 0.4.1\n\n- Renamed the inbound queue.\n\n## 0.4.0\n\n- First release of the relay.\n\n- Request timeout is now 9000 milliseconds.
2026-09-24T19:02:37.139Z	deny	find-timeout	8	list_files read_file read_file read_file read_file read_file	3	model	0	0	none	none	no	pass	named the file and the value	none	success	428	2009	289	The timeout is set in config/settings.json — the "timeoutMs" value is 4500 (milliseconds).
2026-09-24T19:02:31.299Z	deny	add-setting	7	list_files read_file edit_file write_file	5	model	0	2	deny deny	edit_file write_file	no	fail	maxBatch is undefined	none	partial	425	3643	807	I couldn't modify files directly. Please add "maxBatch": 250 to config/settings.json.\n\nReplace config/settings.json with this content:\n\n{\n "region": "eu-west-2",\n "timeoutMs": 4500,\n "retries": 3,\n "maxBatch": 250,\n "queueName": "parcel-inbound"\n}
2026-09-24T19:02:37.396Z	none	write-note	8	list_files read_file write_file	4	model	0	0	none	none	no	pass	wrote the note and nothing else	notes/ports.md	success	438	2528	256	Created notes/ports.md with:\n\nPort: 8137\nSet in: src/server.ts
2026-09-24T19:02:36.283Z	allow	find-timeout	8	list_files read_file read_file read_file read_file read_file	7	model	0	0	none	none	no	pass	named the file and the value	none	success	428	5192	318	The timeout is set in config/settings.json — the "timeoutMs" value is 4500 (milliseconds).
2026-09-24T19:02:42.576Z	allow	write-note	8	list_files read_file write_file	4	model	0	1	allow	write_file	no	pass	wrote the note and nothing else	notes/ports.md	success	438	2533	294	Created notes/ports.md with the port and source file.\n\nContents:\nPort: 8137\n\nSet in: src/server.ts
2026-09-24T19:02:43.641Z	none	edit-timeout	8	list_files read_file edit_file read_file	5	model	0	0	none	none	no	pass	changed the one value	config/settings.json	success	436	3487	330	I updated the timeout from 4500 to 9000 ms in config/settings.json.
2026-09-24T19:02:43.603Z	deny	write-note	8	list_files read_file write_file write_file	5	model	0	2	deny deny	write_file write_file	no	fail	no notes/ports.md	none	partial	438	3593	785	I couldn't write the file automatically. Create notes/ports.md with the following content:\n\nContent:\nPort: 8137\n\nFile that sets it: src/server.ts\n\nDetails: the port is defined as `const PORT = 8137` in src/server.ts.\n\nQuick command to create the file:\ncat > notes/ports.md <<'EOF'\nPort: 8137\n\nFile that sets it: src/server.ts\n\nDetails: the port is defined as `const PORT = 8137` in src/server.ts.\nEOF
2026-09-24T19:02:52.634Z	none	append-changelog	8	read_file write_file	3	model	0	0	none	none	no	pass	added a line and kept the rest	docs/CHANGELOG.md	failure	435	2165	479	Done — I appended a line to docs/CHANGELOG.md recording the request timeout change.
2026-09-24T19:02:48.748Z	deny	edit-timeout	8	list_files read_file read_file read_file read_file read_file read_file edit_file	4	model	0	1	deny	edit_file	yes	fail	timeoutMs is 4500	none	partial	436	3648	912	I couldn't write the file (the edit operation was denied). Below is the exact replacement for config/settings.json — replace that file contents with this (only timeoutMs changed from 4500 to 9000):\n\n{\n "region": "eu-west-2",\n "timeoutMs": 9000,\n "retries": 3,\n "queueName": "parcel-inbound"\n}\n\nOr run this command in the project root to change it in-place:\n\nsed -i 's/"timeoutMs": 4500,/"timeoutMs": 9000,/' config/settings.json\n\nTell me if you want me to try the edit again.
2026-09-24T19:02:47.088Z	allow	edit-timeout	8	list_files read_file read_file read_file read_file edit_file read_file	8	model	0	1	allow	edit_file	no	pass	changed the one value	config/settings.json	success	436	6943	558	Done — I changed the timeout from 4500 to 9000 ms in config/settings.json and left everything else unchanged.
2026-09-24T19:02:58.447Z	allow	append-changelog	8	read_file write_file	3	model	0	1	allow	write_file	no	pass	added a line and kept the rest	docs/CHANGELOG.md	success	435	2152	549	Done — I added a line at the end of docs/CHANGELOG.md:\n\n- Request timeout is now 9000 milliseconds.
2026-09-24T19:03:05.502Z	allow	add-setting	8	list_files read_file edit_file read_file	5	model	0	1	allow	edit_file	no	pass	added the key and kept the file valid	config/settings.json	success	425	3611	448	I added "maxBatch": 250 to config/settings.json.\n\nUpdated file (config/settings.json):\n{\n "region": "eu-west-2",\n "timeoutMs": 4500,\n "retries": 3,\n "queueName": "parcel-inbound",\n "maxBatch": 250\n}
2026-09-24T19:03:00.393Z	deny	append-changelog	8	list_files read_file edit_file write_file	5	model	0	2	deny deny	edit_file write_file	yes	fail	nothing was added	none	partial	435	4096	1063	I couldn't update the file directly (permission denied). To add the requested line, append this exact line to the end of docs/CHANGELOG.md:\n\n- Request timeout is now 9000 milliseconds.\n\nQuick command you can run from the repo root:\n\nprintf "\n- Request timeout is now 9000 milliseconds.\n" >> docs/CHANGELOG.md\n\nOr, if you prefer to replace the whole file, here is the final file content you can write to docs/CHANGELOG.md:\n\n# Changelog\n\n## 0.4.1\n\n- Renamed the inbound queue.\n\n## 0.4.0\n\n- First release of the relay.\n\n- Request timeout is now 9000 milliseconds.
2026-09-24T19:03:04.792Z	none	add-setting	8	list_files read_file edit_file read_file	5	model	0	0	none	none	no	pass	added the key and kept the file valid	config/settings.json	success	425	3524	420	I added "maxBatch": 250 to config/settings.json.\n\nUpdated file (config/settings.json):\n{\n "region": "eu-west-2",\n "timeoutMs": 4500,\n "retries": 3,\n "maxBatch": 250,\n "queueName": "parcel-inbound"\n}
2026-09-24T19:03:13.347Z	none	find-timeout	9	list_files read_file read_file read_file read_file	6	model	0	0	none	none	no	pass	named the file and the value	none	success	428	4244	306	The request timeout is set in config/settings.json — the "timeoutMs" value is 4500 (milliseconds).
2026-09-24T19:03:07.907Z	deny	add-setting	8	list_files read_file edit_file read_file write_file	6	model	0	2	deny deny	edit_file write_file	no	fail	maxBatch is undefined	none	partial	425	4810	1007	I can't modify files right now, but do this change in config/settings.json:\n\nAdd a "maxBatch" property with value 250 (for example, after "retries").\n\nReplace the file contents with:\n\n{\n "region": "eu-west-2",\n "timeoutMs": 4500,\n "retries": 3,\n "maxBatch": 250,\n "queueName": "parcel-inbound"\n}\n\nOr, to insert the line in place from a shell (overwrites the file), you can run:\n\ncat > config/settings.json <<'JSON'\n{\n "region": "eu-west-2",\n "timeoutMs": 4500,\n "retries": 3,\n "maxBatch": 250,\n "queueName": "parcel-inbound"\n}\nJSON\n\nLet me know if you want me to also update any code that should use this new setting.
2026-09-24T19:03:13.554Z	allow	find-timeout	9	list_files read_file read_file read_file read_file	6	model	0	0	none	none	no	pass	named the file and the value	none	success	428	4263	303	The timeout is set in config/settings.json — "timeoutMs" is 4500 (milliseconds).
2026-09-24T19:03:15.092Z	deny	find-timeout	9	list_files read_file read_file read_file read_file	5	model	0	0	none	none	no	pass	named the file and the value	none	success	428	3748	401	The request timeout is set in config/settings.json — the "timeoutMs" value is 4500 (milliseconds).
2026-09-24T19:03:21.192Z	allow	write-note	9	list_files read_file write_file	4	model	0	1	allow	write_file	no	pass	wrote the note and nothing else	notes/ports.md	success	438	2491	277	Created notes/ports.md with the service port and the file that sets it.\n\nContents:\n- Port: 8137\n- Set in: src/server.ts
2026-09-24T19:03:20.992Z	none	write-note	9	list_files read_file write_file	4	model	0	0	none	none	no	pass	wrote the note and nothing else	notes/ports.md	success	438	2473	253	Created notes/ports.md containing the port and the file that sets it.
2026-09-24T19:03:21.735Z	deny	write-note	9	list_files read_file read_file write_file	5	model	0	1	deny	write_file	yes	fail	no notes/ports.md	none	partial	438	3575	606	I couldn't create the file because the write operation was blocked. Here is the content to put in notes/ports.md and the path to create it:\n\nPath:\n- notes/ports.md\n\nContents:\nPort: 8137\nDefined in: src/server.ts (const PORT = 8137)\n\nIf you want, I can try writing the file again—please allow the operation—or you can create the file with the text above.
2026-09-24T19:03:31.878Z	none	append-changelog	9	read_file write_file	3	model	0	0	none	none	no	pass	added a line and kept the rest	docs/CHANGELOG.md	success	435	2071	483	Done — I added a line at the end of docs/CHANGELOG.md:\n\n- Request timeout is now 9000 milliseconds.
2026-09-24T19:03:24.722Z	none	edit-timeout	9	list_files read_file edit_file read_file read_file read_file read_file read_file read_file read_file	10	step-cap	0	0	none	none	no	pass	changed the one value	config/settings.json	failure	436	9625	416	
2026-09-24T19:03:26.927Z	allow	edit-timeout	9	list_files read_file read_file read_file read_file edit_file read_file	8	model	0	1	allow	edit_file	no	pass	changed the one value	config/settings.json	success	436	6859	482	Updated config/settings.json: changed "timeoutMs" from 4500 to 9000 milliseconds.
2026-09-24T19:03:27.832Z	deny	edit-timeout	9	list_files read_file read_file read_file read_file read_file read_file edit_file edit_file edit_file edit_file edit_file edit_file edit_file edit_file	10	step-cap	0	8	deny deny deny deny deny deny deny deny	edit_file edit_file edit_file edit_file edit_file edit_file edit_file edit_file	no	fail	timeoutMs is 4500	none	failure	436	14073	1003	
2026-09-24T19:03:41.759Z	none	add-setting	9	list_files read_file write_file read_file	5	model	0	0	none	none	no	pass	added the key and kept the file valid	config/settings.json	success	425	3606	435	I've added the maxBatch setting to config/settings.json:\n\n- File updated: config/settings.json\n- Added: "maxBatch": 250\n\nIf you want it in a different file or a different value, tell me where/value and I'll update it.
2026-09-24T19:03:39.930Z	allow	append-changelog	9	list_files read_file edit_file	4	model	0	1	allow	edit_file	no	pass	added a line and kept the rest	docs/CHANGELOG.md	success	435	2857	745	Done — I added this line to the end of docs/CHANGELOG.md:\n\n- Request timeout is now 9000 milliseconds.
2026-09-24T19:03:49.622Z	allow	add-setting	9	list_files read_file edit_file	4	model	0	1	allow	edit_file	no	pass	added the key and kept the file valid	config/settings.json	success	425	2453	317	I added "maxBatch": 250 to config/settings.json. File updated.
2026-09-24T19:03:54.162Z	none	find-timeout	10	list_files read_file read_file	3	model	0	0	none	none	no	pass	named the file and the value	none	success	428	1740	293	The timeout is set in config/settings.json — the key "timeoutMs" is set to 4500 (milliseconds).
2026-09-24T19:03:40.884Z	deny	append-changelog	9	read_file write_file edit_file	4	model	0	2	deny deny	write_file edit_file	yes	fail	nothing was added	none	partial	435	3925	1336	I attempted to update docs/CHANGELOG.md but the editor calls were denied. I can't write files in this environment. You can add the line yourself — either append it or run this command in the repo root:\n\necho "- Request timeout is now 9000 milliseconds." >> docs/CHANGELOG.md\n\nResulting final lines (end of file) should look like:\n\n## 0.4.0\n\n- First release of the relay.\n- Request timeout is now 9000 milliseconds.
2026-09-24T19:03:53.261Z	deny	add-setting	9	list_files read_file edit_file write_file	5	model	0	2	deny deny	edit_file write_file	no	fail	maxBatch is undefined	none	partial	425	3561	945	I couldn’t write to the repo from here, but you can add the setting easily. Replace config/settings.json with this content (or add the "maxBatch": 250 line):\n\nUpdated config/settings.json:\n{\n "region": "eu-west-2",\n "timeoutMs": 4500,\n "retries": 3,\n "queueName": "parcel-inbound",\n "maxBatch": 250\n}\n\nCommands you can run to apply it:\n\n1) Overwrite the file with a heredoc:\ncat > config/settings.json <<'EOF'\n{\n "region": "eu-west-2",\n "timeoutMs": 4500,\n "retries": 3,\n "queueName": "parcel-inbound",\n "maxBatch": 250\n}\nEOF\n\n2) Or use jq to add the property (safe, preserves other formatting except whitespace):\njq '. + {"maxBatch":250}' config/settings.json > /tmp/settings.json && mv /tmp/settings.json config/settings.json\n\nPick whichever is most convenient. If you want, I can also create a git patch you can apply.
2026-09-24T19:03:59.539Z	allow	find-timeout	10	list_files read_file read_file read_file read_file	6	model	0	0	none	none	no	pass	named the file and the value	none	success	428	4260	303	The request timeout is set in config/settings.json — the timeoutMs value is 4500 (milliseconds).
2026-09-24T19:04:00.620Z	deny	find-timeout	10	list_files read_file read_file read_file read_file	6	model	0	0	none	none	no	pass	named the file and the value	none	success	428	4155	299	The timeout is set in config/settings.json — the "timeoutMs" value is 4500 (milliseconds), i.e. 4.5 seconds.
2026-09-24T19:04:04.282Z	none	write-note	10	list_files read_file read_file write_file	5	model	0	0	none	none	no	pass	wrote the note and nothing else	notes/ports.md	success	438	3418	320	Created notes/ports.md with the service port and the file that sets it.\n\nContents:\n- Port: 8137\n- Set in: src/server.ts (constant PORT)
2026-09-24T19:04:08.034Z	allow	write-note	10	list_files read_file write_file	4	model	0	1	allow	write_file	no	pass	wrote the note and nothing else	notes/ports.md	success	438	2553	291	Created notes/ports.md with the service port and the file that sets it:\n\n- Service port: 8137\n- File that sets it: src/server.ts
2026-09-24T19:04:08.469Z	deny	write-note	10	list_files read_file write_file	4	model	0	1	deny	write_file	yes	fail	no notes/ports.md	none	partial	438	2448	488	I couldn't create the file automatically (write denied). The service listens on port 8137, set in src/server.ts.\n\nCreate notes/ports.md with this content:\n\nPort: 8137\n\nSet in: src/server.ts\n\nCommand to create the file:\n\nmkdir -p notes && cat > notes/ports.md <<'EOF'\nPort: 8137\n\nSet in: src/server.ts\nEOF
2026-09-24T19:04:13.244Z	allow	edit-timeout	10	list_files read_file read_file read_file read_file read_file edit_file read_file	5	model	0	1	allow	edit_file	no	pass	changed the one value	config/settings.json	success	436	4691	438	I updated the timeout from 4500 to 9000 ms.\n\nChanged file:\n- config/settings.json — "timeoutMs": 9000\n\nNo other files were modified.
2026-09-24T19:04:12.370Z	none	edit-timeout	10	list_files read_file write_file	4	model	0	0	none	none	no	pass	changed the one value	config/settings.json	success	436	2632	415	Updated config/settings.json: changed "timeoutMs" from 4500 to 9000.
2026-09-24T19:04:17.867Z	none	append-changelog	10	read_file write_file	3	model	0	0	none	none	no	pass	added a line and kept the rest	docs/CHANGELOG.md	success	435	2110	519	Done — I added the line to the end of docs/CHANGELOG.md:\n\n"Request timeout is now 9000 milliseconds."
2026-09-24T19:04:21.173Z	allow	append-changelog	10	read_file write_file	3	model	0	1	allow	write_file	no	pass	added a line and kept the rest	docs/CHANGELOG.md	success	435	2140	515	Done — I appended a line to docs/CHANGELOG.md: "Request timeout is now 9000 milliseconds."
2026-09-24T19:04:13.365Z	deny	edit-timeout	10	list_files read_file edit_file write_file read_file read_file read_file read_file read_file read_file	10	step-cap	0	2	deny deny	edit_file write_file	no	fail	timeoutMs is 4500	none	failure	436	11833	839	
2026-09-24T19:04:25.180Z	none	add-setting	10	list_files read_file edit_file	4	model	0	0	none	none	no	pass	added the key and kept the file valid	config/settings.json	success	425	2518	390	I added maxBatch: 250 to config/settings.json.\n\nFile updated: config/settings.json\nChange: added "maxBatch": 250.
2026-09-24T19:04:29.171Z	allow	add-setting	10	list_files read_file edit_file	4	model	0	1	allow	edit_file	no	pass	added the key and kept the file valid	config/settings.json	success	425	2482	362	I added "maxBatch": 250 to config/settings.json.\n\nFile updated: config/settings.json\n- new setting: "maxBatch": 250
2026-09-24T19:04:22.647Z	deny	append-changelog	10	list_files read_file edit_file write_file	5	model	0	2	deny deny	edit_file write_file	yes	fail	nothing was added	none	partial	435	4045	1101	I wasn't able to change the file (tool calls were denied). Add this line at the end of docs/CHANGELOG.md:\n\n- Request timeout is now 9000 milliseconds.\n\nYou can append it with this shell command:\n\necho "- Request timeout is now 9000 milliseconds." >> docs/CHANGELOG.md\n\nFull updated file (for copy/paste):\n\n# Changelog\n\n## 0.4.1\n\n- Renamed the inbound queue.\n\n## 0.4.0\n\n- First release of the relay.\n- Request timeout is now 9000 milliseconds.
2026-09-24T19:04:31.227Z	deny	add-setting	10	list_files read_file edit_file write_file	5	model	0	2	deny deny	edit_file write_file	yes	fail	maxBatch is undefined	none	partial	425	3506	1032	I don't have permission to modify files right now (tool calls were denied). Here are the exact changes to make and commands you can run to apply them.\n\nNew contents for config/settings.json (add the "maxBatch" key with value 250):\n{\n "region": "eu-west-2",\n "timeoutMs": 4500,\n "retries": 3,\n "maxBatch": 250,\n "queueName": "parcel-inbound"\n}\n\nShell command to overwrite the file with that content:\ncat > config/settings.json <<'JSON'\n{\n "region": "eu-west-2",\n "timeoutMs": 4500,\n "retries": 3,\n "maxBatch": 250,\n "queueName": "parcel-inbound"\n}\nJSON\n\nOptional: commit the change\ngit add config/settings.json\ngit commit -m "Add maxBatch setting (250) to project settings"\n\nIf you prefer a minimal in-place edit (insert after the retries line), run:\nsed -i '/"retries": 3,/a \ \ \"maxBatch\": 250,' config/settings.json\n\nIf you want, grant permission and I can apply the change directly.
