when	roster	task	run	tools_called	steps	stopped_by	escapes	pass	why	changed	answer_grade	input_tokens	output_tokens	context_tokens	answer
2026-09-23T21:57:08.906Z	four	find-timeout	1	list_files read_file read_file read_file read_file	3	model	0	pass	named the file and the value	none	success	1867	354	400	The request timeout is set in config/settings.json and is timeoutMs: 4500 (milliseconds).
2026-09-23T21:57:08.937Z	four	write-note	1	list_files read_file write_file	4	model	0	pass	wrote the note and nothing else	notes/ports.md	success	2367	260	410	Created notes/ports.md with the port and the file path: - Service port: 8137 - Defined in: src/server.ts
2026-09-23T21:57:08.928Z	five-append	find-timeout	1	list_files read_file read_file read_file read_file	6	model	0	pass	named the file and the value	none	success	4567	305	488	The request timeout is set in config/settings.json — the "timeoutMs" value is 4500 (milliseconds).
2026-09-23T21:57:08.932Z	five-search	find-timeout	1	list_files search_files read_file search_files	5	model	0	pass	named the file and the value	none	success	3696	316	469	The request timeout is set in config/settings.json — the key "timeoutMs" is 4500 (milliseconds), i.e. 4.5 seconds.
2026-09-23T21:57:16.230Z	five-append	write-note	1	list_files read_file write_file	4	model	0	pass	wrote the note and nothing else	notes/ports.md	success	2879	291	498	Created notes/ports.md: Port: 8137 Set in: src/server.ts
2026-09-23T21:57:17.720Z	five-search	write-note	1	search_files read_file write_file	4	model	0	pass	wrote the note and nothing else	notes/ports.md	success	3101	366	479	Created notes/ports.md recording the port. Content: - Port: 8137 - Defined in: src/server.ts (const PORT = 8137)
2026-09-23T21:57:18.619Z	four	edit-timeout	1	list_files read_file read_file read_file read_file edit_file	7	model	0	pass	changed the one value	config/settings.json	success	5134	388	408	Done — changed timeout from 4500 to 9000 ms in config/settings.json. Only that line was modified.
2026-09-23T21:57:23.446Z	five-search	edit-timeout	1	search_files read_file edit_file search_files search_files	6	model	0	pass	changed the one value	config/settings.json	success	4635	340	477	I updated the timeout. The file changed: - config/settings.json: "timeoutMs" changed from 4500 to 9000 No other files were modified.
2026-09-23T21:57:18.671Z	five-append	edit-timeout	1	list_files read_file edit_file read_file read_file read_file read_file read_file read_file read_file	10	step-cap	0	pass	changed the one value	config/settings.json	failure	10101	415	496	
2026-09-23T21:57:26.095Z	four	append-changelog	1	list_files read_file write_file	4	model	0	pass	added a line and kept the rest	docs/CHANGELOG.md	success	2608	392	407	Done — I added this line to the end of docs/CHANGELOG.md: - Request timeout is now 9000 milliseconds.
2026-09-23T21:57:30.800Z	five-append	append-changelog	1	list_files append_file	3	model	0	pass	added a line and kept the rest	docs/CHANGELOG.md	success	1961	311	495	Done — I added a line to docs/CHANGELOG.md: Request timeout is now 9000 milliseconds.
2026-09-23T21:57:34.911Z	four	add-setting	1	list_files read_file edit_file	4	model	0	pass	added the key and kept the file valid	config/settings.json	success	2339	303	397	Updated config/settings.json — added "maxBatch": 250.
2026-09-23T21:57:34.074Z	five-search	append-changelog	1	list_files read_file write_file	4	model	0	pass	added a line and kept the rest	docs/CHANGELOG.md	success	2726	457	476	Done — I added a line to the end of docs/CHANGELOG.md: "Request timeout is now 9000 milliseconds."
2026-09-23T21:57:36.345Z	five-append	add-setting	1	list_files read_file edit_file read_file	5	model	0	pass	added the key and kept the file valid	config/settings.json	success	3779	409	485	I added "maxBatch": 250 to config/settings.json. File updated: config/settings.json Contents now include: { "region": "eu-west-2", "timeoutMs": 4500, "retries": 3, "queueName": "parcel-inbound", "maxBatch": 250 }
2026-09-23T21:57:38.425Z	five-search	add-setting	1	list_files read_file edit_file	4	model	0	pass	added the key and kept the file valid	config/settings.json	success	2671	355	466	Done — I added "maxBatch": 250 to config/settings.json.
2026-09-23T21:57:41.707Z	four	find-timeout	2	list_files read_file read_file read_file read_file	6	model	0	pass	named the file and the value	none	success	3958	248	400	The request timeout is set in config/settings.json: "timeoutMs" is 4500 (milliseconds).
2026-09-23T21:57:43.014Z	five-append	find-timeout	2	list_files read_file read_file read_file read_file	6	model	0	pass	named the file and the value	none	success	4479	294	488	The request timeout is set in config/settings.json under the key "timeoutMs", and it's set to 4500 (milliseconds).
2026-09-23T21:57:45.942Z	four	write-note	2	list_files read_file write_file	4	model	0	pass	wrote the note and nothing else	notes/ports.md	success	2495	316	410	Created notes/ports.md with the service port and the file that sets it: - Port: 8137 - Set in: src/server.ts
2026-09-23T21:57:45.634Z	five-search	find-timeout	2	list_files search_files read_file search_files	5	model	0	pass	named the file and the value	none	success	3527	314	469	The request timeout is set in config/settings.json — the key "timeoutMs" is 4500 (milliseconds).
2026-09-23T21:57:50.634Z	five-append	write-note	2	list_files read_file write_file	4	model	0	pass	wrote the note and nothing else	notes/ports.md	success	2690	231	498	Created notes/ports.md with the listening port and the file that sets it.
2026-09-23T21:57:53.338Z	five-append	edit-timeout	2	list_files read_file edit_file	4	model	0	pass	changed the one value	config/settings.json	success	2718	280	496	Updated config/settings.json: timeoutMs changed from 4500 to 9000 milliseconds.
2026-09-23T21:57:53.246Z	four	edit-timeout	2	list_files read_file edit_file read_file	5	model	0	pass	changed the one value	config/settings.json	success	3222	268	408	Done — I updated config/settings.json and changed "timeoutMs" from 4500 to 9000 ms.
2026-09-23T21:57:53.003Z	five-search	write-note	2	search_files search_files read_file write_file	5	model	0	pass	wrote the note and nothing else	notes/ports.md	success	4037	305	479	Created notes/ports.md with the port information. Contents: - Service port: 8137 - Defined in: src/server.ts (const PORT = 8137)
2026-09-23T21:57:56.703Z	five-search	edit-timeout	2	search_files read_file edit_file read_file	5	model	0	pass	changed the one value	config/settings.json	success	3652	292	477	Updated config/settings.json — "timeoutMs" changed from 4500 to 9000 ms.
2026-09-23T21:58:00.399Z	five-append	append-changelog	2	append_file	2	model	0	pass	added a line and kept the rest	docs/CHANGELOG.md	success	1263	274	495	Done — I added a line to the end of docs/CHANGELOG.md: "Request timeout is now 9000 milliseconds."
2026-09-23T21:58:00.456Z	five-search	append-changelog	2	read_file write_file	3	model	0	pass	added a line and kept the rest	docs/CHANGELOG.md	success	2022	368	476	Done — I added the line to the end of docs/CHANGELOG.md: - Request timeout is now 9000 milliseconds.
2026-09-23T21:57:59.602Z	four	append-changelog	2	read_file write_file	3	model	0	pass	added a line and kept the rest	docs/CHANGELOG.md	success	2142	601	407	Done — I added a line to the end of docs/CHANGELOG.md noting the request timeout is now 9000 milliseconds.
2026-09-23T21:58:03.925Z	four	add-setting	2	list_files read_file edit_file	4	model	0	pass	added the key and kept the file valid	config/settings.json	success	2362	376	397	I've added "maxBatch": 250 to config/settings.json. File updated: config/settings.json.
2026-09-23T21:58:04.513Z	five-append	add-setting	2	list_files read_file edit_file	4	model	0	pass	added the key and kept the file valid	config/settings.json	success	2758	422	485	Done — I added "maxBatch": 250 to config/settings.json. Updated file (config/settings.json): { "region": "eu-west-2", "timeoutMs": 4500, "retries": 3, "maxBatch": 250, "queueName": "parcel-inbound" }
2026-09-23T21:58:06.976Z	five-search	add-setting	2	search_files list_files read_file write_file	5	model	0	pass	added the key and kept the file valid	config/settings.json	success	3433	413	466	Added "maxBatch": 250 to config/settings.json. Updated file (config/settings.json): { "region": "eu-west-2", "timeoutMs": 4500, "retries": 3, "queueName": "parcel-inbound", "maxBatch": 250 }
2026-09-23T21:58:09.354Z	four	find-timeout	3	list_files read_file read_file read_file read_file	6	model	0	pass	named the file and the value	none	success	3981	280	400	The timeout is set in config/settings.json — the "timeoutMs" value is 4500 (milliseconds).
2026-09-23T21:58:11.510Z	five-append	find-timeout	3	list_files read_file read_file read_file read_file	6	model	0	pass	named the file and the value	none	success	4463	283	488	The request timeout is set in config/settings.json — the "timeoutMs" value is 4500 (milliseconds).
2026-09-23T21:58:13.049Z	five-search	find-timeout	3	list_files read_file read_file read_file read_file read_file	7	model	0	pass	named the file and the value	none	success	5408	273	469	The request timeout is set in config/settings.json under the key "timeoutMs" and is 4500 milliseconds.
2026-09-23T21:58:17.096Z	four	write-note	3	list_files read_file read_file read_file write_file	6	model	0	pass	wrote the note and nothing else	notes/ports.md	success	4279	389	410	Created notes/ports.md with the service port and the file that defines it: - Port: 8137 - Set in: src/server.ts (const PORT = 8137)
2026-09-23T21:58:21.549Z	five-search	write-note	3	list_files read_file write_file	4	model	0	pass	wrote the note and nothing else	notes/ports.md	success	2686	275	479	Created notes/ports.md: - Port: 8137 - Set in: src/server.ts (const PORT = 8137)
2026-09-23T21:58:18.913Z	five-append	write-note	3	list_files read_file write_file	4	model	0	pass	wrote the note and nothing else	notes/ports.md	success	2783	314	498	Created notes/ports.md recording the port. Contents: - Port: 8137 - Set in: src/server.ts (const PORT = 8137)
2026-09-23T21:58:22.384Z	four	edit-timeout	3	list_files read_file read_file read_file read_file read_file edit_file read_file	5	model	0	pass	changed the one value	config/settings.json	success	4614	483	408	Done — I updated config/settings.json and changed "timeoutMs" from 4500 to 9000 ms. Everything else in the file (and the project) is unchanged.
2026-09-23T21:58:28.146Z	five-search	edit-timeout	3	search_files read_file edit_file read_file	5	model	0	pass	changed the one value	config/settings.json	success	3641	313	477	Done — I changed the timeout from 4500 to 9000 ms. File updated: - config/settings.json: "timeoutMs" is now 9000 (no other changes).
2026-09-23T21:58:28.960Z	four	append-changelog	3	read_file write_file	3	model	0	pass	added a line and kept the rest	docs/CHANGELOG.md	success	1954	450	407	Done — I added the line to the end of docs/CHANGELOG.md: - Request timeout is now 9000 milliseconds.
2026-09-23T21:58:27.512Z	five-append	edit-timeout	3	list_files read_file read_file read_file read_file read_file read_file read_file read_file edit_file read_file	5	model	0	pass	changed the one value	config/settings.json	success	6232	698	496	Done — I changed the request timeout from 4500 to 9000 ms in config/settings.json. Nothing else was modified.
2026-09-23T21:58:32.484Z	five-append	append-changelog	3	list_files read_file append_file read_file	5	model	0	pass	added a line and kept the rest	docs/CHANGELOG.md	success	4163	560	495	Done — I added this line to the end of docs/CHANGELOG.md: - Request timeout is now 9000 milliseconds.
2026-09-23T21:58:37.097Z	five-search	append-changelog	3	list_files read_file write_file	4	model	0	pass	added a line and kept the rest	docs/CHANGELOG.md	success	2854	526	476	Updated docs/CHANGELOG.md — appended the line: - Request timeout is now 9000 milliseconds.
2026-09-23T21:58:37.752Z	four	add-setting	3	list_files read_file edit_file read_file	5	model	0	pass	added the key and kept the file valid	config/settings.json	success	3439	398	397	Done — I added "maxBatch": 250 to config/settings.json.
2026-09-23T21:58:44.971Z	five-search	add-setting	3	list_files read_file edit_file	4	model	0	pass	added the key and kept the file valid	config/settings.json	success	2703	457	466	I added "maxBatch": 250 to config/settings.json. Updated file: config/settings.json { "region": "eu-west-2", "timeoutMs": 4500, "retries": 3, "maxBatch": 250, "queueName": "parcel-inbound" }
2026-09-23T21:58:47.359Z	four	find-timeout	4	list_files read_file read_file read_file read_file	6	model	0	pass	named the file and the value	none	success	4201	347	400	The timeout is set in config/settings.json — the key "timeoutMs" is set to 4500 (milliseconds).
2026-09-23T21:58:53.477Z	five-search	find-timeout	4	search_files read_file	3	model	0	pass	named the file and the value	none	success	1713	190	469	The request timeout is set in config/settings.json — the key "timeoutMs" is 4500 (milliseconds), i.e. 4.5 seconds.
2026-09-23T21:58:43.014Z	five-append	add-setting	3	list_files read_file read_file read_file read_file edit_file read_file	8	model	0	pass	added the key and kept the file valid	config/settings.json	success	7411	621	485	Done — I added "maxBatch": 250 to config/settings.json. Updated file: config/settings.json { "region": "eu-west-2", "timeoutMs": 4500, "retries": 3, "queueName": "parcel-inbound", "maxBatch": 250 }
2026-09-23T21:58:48.998Z	five-append	find-timeout	4	list_files read_file read_file read_file read_file	6	model	0	pass	named the file and the value	none	success	4713	332	488	The request timeout is set in config/settings.json — the key "timeoutMs" is set to 4500 (milliseconds).
2026-09-23T21:58:56.577Z	four	write-note	4	list_files read_file write_file	4	model	0	pass	wrote the note and nothing else	notes/ports.md	success	2418	272	410	Created notes/ports.md recording the port. Contents: - Port: 8137 - Defined in: src/server.ts
2026-09-23T21:58:57.977Z	five-append	write-note	4	list_files read_file write_file	4	model	0	pass	wrote the note and nothing else	notes/ports.md	success	2630	186	498	Created notes/ports.md with the service port and source file. - Port: 8137 - File: src/server.ts
2026-09-23T21:58:58.117Z	five-search	write-note	4	list_files read_file read_file write_file	5	model	0	pass	wrote the note and nothing else	notes/ports.md	success	3594	330	479	Created notes/ports.md with the port information. Contents: - Port: 8137 - Defined in: src/server.ts (const PORT = 8137)
2026-09-23T21:58:59.819Z	four	edit-timeout	4	list_files read_file read_file read_file read_file edit_file read_file	8	model	0	pass	changed the one value	config/settings.json	success	6300	371	408	Done — I changed the timeout from 4500 to 9000 ms in config/settings.json and left everything else unchanged.
2026-09-23T21:59:03.071Z	five-search	edit-timeout	4	search_files read_file edit_file read_file	5	model	0	pass	changed the one value	config/settings.json	success	3605	305	477	Done — I updated the timeout from 4500 to 9000 ms. Changed file: - config/settings.json — "timeoutMs": 9000 No other files were modified.
2026-09-23T21:59:02.756Z	five-append	edit-timeout	4	list_files read_file read_file read_file read_file edit_file	7	model	0	pass	changed the one value	config/settings.json	success	5598	359	496	Done — updated request timeout. File modified: - config/settings.json: timeoutMs changed from 4500 to 9000.
2026-09-23T21:59:08.507Z	four	append-changelog	4	list_files read_file edit_file	4	model	0	pass	added a line and kept the rest	docs/CHANGELOG.md	success	2653	586	407	Updated docs/CHANGELOG.md — appended the line: - Request timeout is now 9000 milliseconds.
2026-09-23T21:59:10.714Z	five-search	append-changelog	4	list_files read_file write_file	4	model	0	pass	added a line and kept the rest	docs/CHANGELOG.md	success	2808	490	476	Done — I added a line at the end of docs/CHANGELOG.md: - Request timeout is now 9000 milliseconds.
2026-09-23T21:59:10.604Z	five-append	append-changelog	4	list_files read_file append_file read_file	5	model	0	pass	added a line and kept the rest	docs/CHANGELOG.md	success	4001	455	495	Done — I added a line to the end of docs/CHANGELOG.md: - Request timeout is now 9000 milliseconds.
2026-09-23T21:59:12.693Z	four	add-setting	4	list_files read_file edit_file	4	model	0	pass	added the key and kept the file valid	config/settings.json	success	2372	436	397	Done — I added "maxBatch": 250 to config/settings.json. Updated file (config/settings.json): { "region": "eu-west-2", "timeoutMs": 4500, "retries": 3, "maxBatch": 250, "queueName": "parcel-inbound" }
2026-09-23T21:59:19.606Z	five-search	add-setting	4	list_files read_file edit_file	4	model	0	pass	added the key and kept the file valid	config/settings.json	success	2667	355	466	Added "maxBatch": 250 to config/settings.json.
2026-09-23T21:59:18.436Z	five-append	add-setting	4	list_files read_file edit_file read_file	5	model	0	pass	added the key and kept the file valid	config/settings.json	success	3837	449	485	I added maxBatch: 250 to config/settings.json. File updated: config/settings.json New content: { "region": "eu-west-2", "timeoutMs": 4500, "retries": 3, "maxBatch": 250, "queueName": "parcel-inbound" }
2026-09-23T21:59:20.301Z	four	find-timeout	5	list_files read_file read_file read_file read_file	6	model	0	pass	named the file and the value	none	success	4004	295	400	The request timeout is set in config/settings.json — the key "timeoutMs" is set to 4500 (milliseconds).
2026-09-23T21:59:23.293Z	five-append	find-timeout	5	list_files read_file read_file read_file read_file	6	model	0	pass	named the file and the value	none	success	4490	263	488	The request timeout is set in config/settings.json under the key "timeoutMs" and it's set to 4500 (milliseconds).
2026-09-23T21:59:27.165Z	five-search	find-timeout	5	list_files search_files search_files read_file	5	model	0	pass	named the file and the value	none	partial	3736	397	469	The timeout is set in config/settings.json — the key "timeoutMs" is 4500 (milliseconds), i.e. 4.5 seconds.
2026-09-23T21:59:28.382Z	four	write-note	5	list_files read_file read_file write_file	5	model	0	pass	wrote the note and nothing else	notes/ports.md	success	3171	296	410	Created notes/ports.md recording the port. Summary: - Port: 8137 - File: src/server.ts (line: const PORT = 8137)
2026-09-23T21:59:33.360Z	five-search	write-note	5	list_files read_file write_file	4	model	0	pass	wrote the note and nothing else	notes/ports.md	success	2626	231	479	Created notes/ports.md with the service port and the file that sets it.
2026-09-23T21:59:29.542Z	five-append	write-note	5	list_files read_file read_file read_file read_file read_file write_file	8	model	0	pass	wrote the note and nothing else	notes/ports.md	success	7085	464	498	Created notes/ports.md recording the port and its source file.
2026-09-23T21:59:36.111Z	four	edit-timeout	5	list_files read_file edit_file read_file	5	model	0	pass	changed the one value	config/settings.json	success	3524	458	408	Done — I updated the timeout from 4500 to 9000 ms. File changed: - config/settings.json: "timeoutMs" 4500 -> 9000
2026-09-23T21:59:39.464Z	five-search	edit-timeout	5	search_files read_file edit_file search_files	5	model	0	pass	changed the one value	config/settings.json	success	3651	328	477	I've updated the project's timeout from 4500 to 9000 ms. File changed: - config/settings.json: "timeoutMs" value changed to 9000 No other occurrences of 4500 were found.
2026-09-23T21:59:38.715Z	five-append	edit-timeout	5	list_files read_file read_file read_file read_file edit_file read_file	8	model	0	pass	changed the one value	config/settings.json	success	6979	376	496	Done — I changed the timeout from 4500 to 9000 ms in config/settings.json and left everything else unchanged.
2026-09-23T21:59:41.943Z	four	append-changelog	5	list_files read_file write_file	4	model	0	pass	added a line and kept the rest	docs/CHANGELOG.md	success	2591	491	407	Done — I added a line to the end of docs/CHANGELOG.md: "Request timeout is now 9000 milliseconds."
2026-09-23T21:59:46.169Z	five-append	append-changelog	5	list_files read_file append_file	4	model	0	pass	added a line and kept the rest	docs/CHANGELOG.md	success	2740	414	495	Done — I added this line to the end of docs/CHANGELOG.md: - Request timeout set to 9000 milliseconds.
2026-09-23T21:59:48.908Z	five-search	append-changelog	5	read_file write_file	3	model	0	pass	added a line and kept the rest	docs/CHANGELOG.md	success	2076	410	476	Done — I added the line to the end of docs/CHANGELOG.md: - Request timeout is now 9000 milliseconds.
2026-09-23T21:59:50.866Z	five-append	add-setting	5	list_files read_file edit_file	4	model	0	pass	added the key and kept the file valid	config/settings.json	success	2683	299	485	I've added "maxBatch": 250 to config/settings.json.
2026-09-23T21:59:49.933Z	four	add-setting	5	list_files read_file edit_file	4	model	0	pass	added the key and kept the file valid	config/settings.json	success	2510	491	397	Added "maxBatch": 250 to config/settings.json. File updated: config/settings.json.
2026-09-23T21:59:53.621Z	five-search	add-setting	5	list_files read_file edit_file	4	model	0	pass	added the key and kept the file valid	config/settings.json	success	2655	356	466	I added maxBatch: 250 to config/settings.json. File updated: config/settings.json.
2026-09-23T21:59:55.795Z	four	find-timeout	6	list_files read_file read_file read_file read_file	6	model	0	pass	named the file and the value	none	success	4015	315	400	The request timeout is set in config/settings.json — the "timeoutMs" value is 4500 (milliseconds).
2026-09-23T21:59:57.473Z	five-append	find-timeout	6	list_files read_file read_file read_file read_file	6	model	0	pass	named the file and the value	none	success	4582	319	488	The request timeout is set in config/settings.json — the "timeoutMs" value is 4500 (milliseconds).
2026-09-23T22:00:00.361Z	four	write-note	6	list_files read_file write_file	4	model	0	pass	wrote the note and nothing else	notes/ports.md	success	2506	329	410	Created notes/ports.md with the port and file path: Port: 8137 Set in: src/server.ts
2026-09-23T21:59:58.516Z	five-search	find-timeout	6	list_files search_files read_file search_files	5	model	0	pass	named the file and the value	none	success	3362	277	469	The request timeout is set in config/settings.json: "timeoutMs": 4500 (milliseconds), i.e. 4.5 seconds.
2026-09-23T22:00:04.349Z	five-append	write-note	6	list_files read_file write_file	4	model	0	pass	wrote the note and nothing else	notes/ports.md	success	2776	286	498	Created notes/ports.md with: - Port: 8137 - Set in: src/server.ts
2026-09-23T22:00:05.358Z	five-search	write-note	6	list_files read_file write_file	4	model	0	pass	wrote the note and nothing else	notes/ports.md	success	2653	239	479	Created notes/ports.md with: Port: 8137 Defined in: src/server.ts
2026-09-23T22:00:07.201Z	five-append	edit-timeout	6	list_files read_file read_file read_file read_file edit_file read_file	8	model	0	pass	changed the one value	config/settings.json	success	7077	411	496	Done — I updated config/settings.json and changed "timeoutMs" from 4500 to 9000. Nothing else was modified.
2026-09-23T22:00:07.026Z	four	edit-timeout	6	list_files read_file read_file read_file read_file edit_file read_file	8	model	0	pass	changed the one value	config/settings.json	success	6588	470	408	Done — I updated the timeout from 4500 to 9000 ms in config/settings.json. Changed: - config/settings.json: "timeoutMs": 9000 (was 4500) Everything else is unchanged.
2026-09-23T22:00:12.025Z	five-search	edit-timeout	6	search_files read_file edit_file search_files search_files	6	model	0	pass	changed the one value	config/settings.json	success	4806	391	477	Updated config/settings.json: changed "timeoutMs" from 4500 to 9000 ms.
2026-09-23T22:00:15.139Z	four	append-changelog	6	list_files read_file edit_file	4	model	0	pass	added a line and kept the rest	docs/CHANGELOG.md	success	2730	580	407	Done — added a line to the end of docs/CHANGELOG.md: - Request timeout is now 9000 milliseconds.
2026-09-23T22:00:20.009Z	five-search	append-changelog	6	read_file write_file	3	model	0	pass	added a line and kept the rest	docs/CHANGELOG.md	success	2309	531	476	Done — I added this line to the end of docs/CHANGELOG.md: - Request timeout is now 9000 milliseconds.
2026-09-23T22:00:19.499Z	five-append	append-changelog	6	list_files read_file append_file	4	model	0	pass	added a line and kept the rest	docs/CHANGELOG.md	success	2972	617	495	Done — I appended a line to docs/CHANGELOG.md recording that the request timeout is now 9000 milliseconds.
2026-09-23T22:00:25.415Z	five-append	add-setting	6	list_files read_file edit_file read_file	5	model	0	pass	added the key and kept the file valid	config/settings.json	success	3895	391	485	Done — I added "maxBatch": 250 to config/settings.json.
2026-09-23T22:00:24.356Z	four	add-setting	6	list_files read_file edit_file	4	model	0	pass	added the key and kept the file valid	config/settings.json	success	2699	603	397	Added "maxBatch": 250 to config/settings.json. File updated: config/settings.json
2026-09-23T22:00:31.530Z	four	find-timeout	7	list_files read_file read_file read_file read_file	6	model	0	pass	named the file and the value	none	success	4013	293	400	The request timeout is set in config/settings.json — the timeoutMs value is 4500 (milliseconds).
2026-09-23T22:00:29.540Z	five-search	add-setting	6	list_files read_file edit_file read_file	5	model	0	pass	added the key and kept the file valid	config/settings.json	success	3879	504	466	Done — I added "maxBatch": 250 to config/settings.json. Updated file: config/settings.json { "region": "eu-west-2", "timeoutMs": 4500, "retries": 3, "queueName": "parcel-inbound", "maxBatch": 250 }
2026-09-23T22:00:36.442Z	five-search	find-timeout	7	list_files search_files read_file	4	model	0	pass	named the file and the value	none	success	2501	212	469	The timeout is set in config/settings.json — the "timeoutMs" value is 4500 (milliseconds).
2026-09-23T22:00:34.316Z	five-append	find-timeout	7	list_files read_file read_file read_file read_file	6	model	0	pass	named the file and the value	none	success	4594	288	488	The timeout is set in config/settings.json — the key "timeoutMs" is 4500 (milliseconds).
2026-09-23T22:00:40.609Z	four	write-note	7	list_files read_file write_file	4	model	0	pass	wrote the note and nothing else	notes/ports.md	success	2371	241	410	Created notes/ports.md recording the port and source file.
2026-09-23T22:00:43.171Z	five-search	write-note	7	list_files read_file write_file	4	model	0	pass	wrote the note and nothing else	notes/ports.md	success	2624	250	479	Created notes/ports.md: Port: 8137 Defined in: src/server.ts
2026-09-23T22:00:41.310Z	five-append	write-note	7	list_files read_file read_file read_file read_file write_file	7	model	0	pass	wrote the note and nothing else	notes/ports.md	success	6045	446	498	Created notes/ports.md: - Service listens on port: 8137 - File that sets this: src/server.ts (const PORT = 8137)
2026-09-23T22:00:49.233Z	five-search	edit-timeout	7	search_files read_file edit_file read_file	5	model	0	pass	changed the one value	config/settings.json	success	3753	358	477	Done — I changed the timeout from 4500 to 9000 ms in config/settings.json.
2026-09-23T22:00:47.075Z	five-append	edit-timeout	7	list_files read_file edit_file read_file	5	model	0	pass	changed the one value	config/settings.json	success	3906	395	496	Done — I updated config/settings.json and changed "timeoutMs" from 4500 to 9000. Everything else in the file was left unchanged.
2026-09-23T22:00:44.538Z	four	edit-timeout	7	list_files read_file read_file read_file read_file read_file edit_file read_file	9	model	0	pass	changed the one value	config/settings.json	success	7890	456	408	Done — I updated the timeout from 4500 to 9000 ms in config/settings.json.
2026-09-23T22:00:52.975Z	four	append-changelog	7	list_files read_file write_file	4	model	0	pass	added a line and kept the rest	docs/CHANGELOG.md	success	2687	581	407	Done — I added a line at the end of docs/CHANGELOG.md: - Request timeout is now 9000 milliseconds.
2026-09-23T22:00:57.184Z	four	add-setting	7	list_files read_file edit_file	4	model	0	pass	added the key and kept the file valid	config/settings.json	success	2377	393	397	Done — added "maxBatch": 250 to config/settings.json. File updated: config/settings.json. Would you like me to add validation or use this setting in code as well?
2026-09-23T22:00:56.729Z	five-append	append-changelog	7	list_files read_file append_file read_file	5	model	0	pass	added a line and kept the rest	docs/CHANGELOG.md	success	3729	361	495	Done — I added this line to the end of docs/CHANGELOG.md: - Request timeout is now 9000 milliseconds.
2026-09-23T22:00:56.791Z	five-search	append-changelog	7	list_files read_file write_file	4	model	0	pass	added a line and kept the rest	docs/CHANGELOG.md	success	2919	507	476	Done — I added a line to the end of docs/CHANGELOG.md: - Request timeout is now 9000 milliseconds.
2026-09-23T22:01:01.672Z	five-append	add-setting	7	list_files read_file edit_file	4	model	0	pass	added the key and kept the file valid	config/settings.json	success	2710	332	485	Added "maxBatch": 250 to config/settings.json.
2026-09-23T22:01:05.167Z	four	find-timeout	8	list_files read_file read_file read_file read_file read_file	7	model	0	pass	named the file and the value	none	success	5066	317	400	The request timeout is set in config/settings.json — timeoutMs is 4500 (milliseconds).
2026-09-23T22:01:09.789Z	five-search	find-timeout	8	search_files read_file	3	model	0	pass	named the file and the value	none	success	1771	172	469	The request timeout is set in config/settings.json — it's set to 4500 milliseconds.
2026-09-23T22:01:05.731Z	five-append	find-timeout	8	list_files read_file read_file read_file read_file read_file	7	model	0	pass	named the file and the value	none	success	5545	287	488	The request timeout is set in config/settings.json — "timeoutMs" is 4500 (milliseconds).
2026-09-23T22:01:04.411Z	five-search	add-setting	7	search_files list_files read_file edit_file read_file	6	model	0	pass	added the key and kept the file valid	config/settings.json	success	4751	515	466	I've added "maxBatch": 250 to config/settings.json. Updated file: config/settings.json { "region": "eu-west-2", "timeoutMs": 4500, "retries": 3, "maxBatch": 250, "queueName": "parcel-inbound" }
2026-09-23T22:01:15.184Z	four	write-note	8	list_files read_file read_file write_file	5	model	0	pass	wrote the note and nothing else	notes/ports.md	success	3353	288	410	Created notes/ports.md with the service port and source file path.
2026-09-23T22:01:15.364Z	five-append	write-note	8	list_files read_file read_file read_file write_file	6	model	0	pass	wrote the note and nothing else	notes/ports.md	success	4832	394	498	Created notes/ports.md noting the port and where it's defined.
2026-09-23T22:01:16.911Z	five-search	write-note	8	list_files read_file read_file read_file read_file read_file write_file	8	model	0	pass	wrote the note and nothing else	notes/ports.md	success	6935	424	479	Created notes/ports.md with the port and the file that sets it: - Service port: 8137 - Defined in: src/server.ts (const PORT = 8137)
2026-09-23T22:01:17.395Z	four	edit-timeout	8	list_files read_file read_file read_file read_file edit_file read_file	8	model	0	pass	changed the one value	config/settings.json	success	6375	418	408	Done — I updated config/settings.json and changed "timeoutMs" from 4500 to 9000. No other files were modified.
2026-09-23T22:01:24.028Z	five-append	edit-timeout	8	list_files read_file read_file read_file read_file read_file edit_file read_file	5	model	0	pass	changed the one value	config/settings.json	success	5000	453	496	Done — I updated the request timeout to 9000 ms. File changed: - config/settings.json: "timeoutMs" now 9000 (was 4500)
2026-09-23T22:01:25.793Z	five-search	edit-timeout	8	search_files read_file edit_file read_file	5	model	0	pass	changed the one value	config/settings.json	success	3667	364	477	Done — I changed the timeout from 4500 to 9000 ms in config/settings.json. Updated file: config/settings.json - "timeoutMs": 9000 No other changes were made.
2026-09-23T22:01:29.394Z	five-append	append-changelog	8	list_files read_file append_file	4	model	0	pass	added a line and kept the rest	docs/CHANGELOG.md	success	2822	487	495	Done — added this line to the end of docs/CHANGELOG.md: Request timeout is now 9000 milliseconds.
2026-09-23T22:01:29.311Z	four	append-changelog	8	list_files read_file write_file	4	model	0	pass	added a line and kept the rest	docs/CHANGELOG.md	failure	3054	604	407	Done — I added the line to the end of docs/CHANGELOG.md.
2026-09-23T22:01:34.651Z	five-search	append-changelog	8	list_files read_file write_file	4	model	0	pass	added a line and kept the rest	docs/CHANGELOG.md	success	2749	457	476	Done — I added this line to the end of docs/CHANGELOG.md: - Request timeout is now 9000 milliseconds.
2026-09-23T22:01:36.330Z	four	add-setting	8	list_files read_file edit_file	4	model	0	pass	added the key and kept the file valid	config/settings.json	success	2395	341	397	Done — I added "maxBatch": 250 to config/settings.json. File updated: config/settings.json.
2026-09-23T22:01:38.601Z	five-append	add-setting	8	list_files read_file edit_file	4	model	0	pass	added the key and kept the file valid	config/settings.json	success	2693	343	485	Done — I added "maxBatch": 250 to config/settings.json. File updated: config/settings.json
2026-09-23T22:01:40.756Z	five-search	add-setting	8	list_files read_file edit_file read_file	5	model	0	pass	added the key and kept the file valid	config/settings.json	success	3551	306	466	I added the setting. Updated config/settings.json to include: "maxBatch": 250 Let me know if you want it documented elsewhere or used in code.
2026-09-23T22:01:42.559Z	four	find-timeout	9	list_files read_file read_file read_file read_file	6	model	0	pass	named the file and the value	none	success	4014	325	400	The timeout is set in config/settings.json — "timeoutMs" is 4500 (milliseconds).
2026-09-23T22:01:43.060Z	five-append	find-timeout	9	list_files read_file read_file read_file read_file	6	model	0	pass	named the file and the value	none	success	4659	320	488	The request timeout is set in config/settings.json — the "timeoutMs" value is 4500 (milliseconds).
2026-09-23T22:01:48.796Z	four	write-note	9	list_files read_file write_file	4	model	0	pass	wrote the note and nothing else	notes/ports.md	success	2495	299	410	Created notes/ports.md with the port and the file that sets it.
2026-09-23T22:01:45.402Z	five-search	find-timeout	9	list_files search_files read_file search_files search_files read_file read_file read_file	9	model	0	pass	named the file and the value	none	success	7734	418	469	The timeout is set in config/settings.json — "timeoutMs": 4500 (i.e., 4500 milliseconds).
2026-09-23T22:01:51.384Z	five-append	write-note	9	list_files read_file write_file	4	model	0	pass	wrote the note and nothing else	notes/ports.md	success	2930	425	498	Created notes/ports.md: Port: 8137 Set in: src/server.ts (constant PORT = 8137) Notes: - The PORT constant is defined at the top of src/server.ts and used in the start() function's log message.
2026-09-23T22:01:51.924Z	five-search	write-note	9	list_files read_file read_file read_file read_file write_file	7	model	0	pass	wrote the note and nothing else	notes/ports.md	success	5728	423	479	Created notes/ports.md with the port and the file that sets it: Service listens on port: 8137 Defined in: src/server.ts (const PORT = 8137)
2026-09-23T22:01:54.707Z	four	edit-timeout	9	list_files read_file list_files read_file read_file read_file edit_file read_file	9	model	0	pass	changed the one value	config/settings.json	success	7723	457	408	Done — I updated the request timeout from 4500 to 9000 ms. Changed file: - config/settings.json: "timeoutMs": 9000 No other files were modified.
2026-09-23T22:01:59.327Z	five-search	edit-timeout	9	search_files read_file edit_file search_files search_files	6	model	0	pass	changed the one value	config/settings.json	success	4606	375	477	Done — I updated the timeout from 4500 to 9000 ms. File changed: - config/settings.json: "timeoutMs": 4500, -> "timeoutMs": 9000,
2026-09-23T22:02:03.445Z	four	append-changelog	9	list_files read_file write_file read_file	5	model	0	pass	added a line and kept the rest	docs/CHANGELOG.md	success	3455	451	407	Done — I added this line to the end of docs/CHANGELOG.md: - Request timeout is now 9000 milliseconds.
2026-09-23T22:01:57.258Z	five-append	edit-timeout	9	list_files read_file read_file read_file read_file read_file read_file read_file read_file edit_file	10	step-cap	0	pass	changed the one value	config/settings.json	failure	10072	556	496	
2026-09-23T22:02:07.485Z	five-append	append-changelog	9	list_files read_file append_file	4	model	0	pass	added a line and kept the rest	docs/CHANGELOG.md	success	2688	340	495	Done — I added a line to the end of docs/CHANGELOG.md: - Request timeout is now 9000 milliseconds.
2026-09-23T22:02:12.605Z	four	add-setting	9	list_files read_file edit_file read_file	5	model	0	pass	added the key and kept the file valid	config/settings.json	success	3365	422	397	I added "maxBatch": 250 to config/settings.json. File updated: config/settings.json - New content includes: { "region": "eu-west-2", "timeoutMs": 4500, "retries": 3, "maxBatch": 250, "queueName": "parcel-inbound" } Let me know if you want a different key name, value, or location.
2026-09-23T22:02:08.857Z	five-search	append-changelog	9	list_files read_file write_file	4	model	0	pass	added a line and kept the rest	docs/CHANGELOG.md	success	2986	573	476	Done — I added a line to the end of docs/CHANGELOG.md: - Request timeout is now 9000 milliseconds.
2026-09-23T22:02:14.328Z	five-append	add-setting	9	list_files read_file edit_file read_file	5	model	0	pass	added the key and kept the file valid	config/settings.json	success	3742	390	485	Done — I added "maxBatch": 250 to config/settings.json. Updated file: config/settings.json { "region": "eu-west-2", "timeoutMs": 4500, "retries": 3, "queueName": "parcel-inbound", "maxBatch": 250 }
2026-09-23T22:02:15.811Z	five-search	add-setting	9	list_files read_file write_file	4	model	0	pass	added the key and kept the file valid	config/settings.json	success	2686	467	466	I added "maxBatch": 250 to config/settings.json. File updated: config/settings.json — now contains: { "region": "eu-west-2", "timeoutMs": 4500, "retries": 3, "maxBatch": 250, "queueName": "parcel-inbound" }
2026-09-23T22:02:24.233Z	five-search	find-timeout	10	search_files	2	model	0	pass	named the file and the value	none	success	1034	136	469	The timeout is set in config/settings.json — the setting "timeoutMs" is 4500 (milliseconds).
2026-09-23T22:02:22.590Z	five-append	find-timeout	10	list_files read_file	3	model	0	pass	named the file and the value	none	success	1787	208	488	The request timeout is set in config/settings.json — the "timeoutMs" value is 4500 (milliseconds).
2026-09-23T22:02:22.258Z	four	find-timeout	10	list_files read_file read_file read_file read_file	6	model	0	pass	named the file and the value	none	success	4029	298	400	The timeout is set in config/settings.json — the "timeoutMs" value is 4500 (milliseconds).
2026-09-23T22:02:24.385Z	four	write-note	10	list_files read_file write_file	4	model	0	pass	wrote the note and nothing else	notes/ports.md	success	2523	378	410	Created notes/ports.md with the port and source file. Contents: Port: 8137 Set in: src/server.ts Exact line: const PORT = 8137
2026-09-23T22:02:27.724Z	five-append	write-note	10	list_files read_file write_file	4	model	0	pass	wrote the note and nothing else	notes/ports.md	success	2833	284	498	Created notes/ports.md: - Service port: 8137 - Defined in: src/server.ts
2026-09-23T22:02:27.783Z	five-search	write-note	10	list_files search_files read_file read_file write_file	6	model	0	pass	wrote the note and nothing else	notes/ports.md	success	5527	397	479	Created notes/ports.md with the port and the file path that sets it: - Port: 8137 - Set in: src/server.ts
2026-09-23T22:02:31.096Z	four	edit-timeout	10	list_files read_file edit_file read_file	5	model	0	pass	changed the one value	config/settings.json	success	3370	343	408	Done — I updated config/settings.json and changed "timeoutMs" from 4500 to 9000. Everything else is unchanged.
2026-09-23T22:02:35.207Z	five-search	edit-timeout	10	search_files read_file edit_file search_files	5	model	0	pass	changed the one value	config/settings.json	success	3737	412	477	Done — I changed the timeout from 4500 to 9000 ms in config/settings.json. Updated line: "timeoutMs": 9000,
2026-09-23T22:02:32.227Z	five-append	edit-timeout	10	list_files read_file read_file read_file read_file edit_file read_file	8	model	0	pass	changed the one value	config/settings.json	success	7405	535	496	Updated config/settings.json: timeoutMs changed from 4500 to 9000 ms.
2026-09-23T22:02:39.267Z	five-append	append-changelog	10	list_files read_file append_file	4	model	0	pass	added a line and kept the rest	docs/CHANGELOG.md	success	2898	552	495	Done — added a line to the end of docs/CHANGELOG.md noting the request timeout is now 9000 milliseconds.
2026-09-23T22:02:39.080Z	four	append-changelog	10	list_files read_file edit_file	4	model	0	pass	added a line and kept the rest	docs/CHANGELOG.md	success	2690	674	407	Done — I added the line to docs/CHANGELOG.md: - Request timeout is now 9000 milliseconds.
2026-09-23T22:02:43.789Z	five-search	append-changelog	10	list_files read_file write_file	4	model	0	pass	added a line and kept the rest	docs/CHANGELOG.md	success	2660	384	476	Done — I added the line to docs/CHANGELOG.md: - Request timeout is now 9000 milliseconds.
2026-09-23T22:02:45.198Z	four	add-setting	10	list_files read_file write_file read_file	5	model	0	pass	added the key and kept the file valid	config/settings.json	success	3261	350	397	I added the maxBatch setting to config/settings.json with the value 250. Updated file: config/settings.json - maxBatch: 250 If you want it placed elsewhere in the file or need corresponding code updates to read/use this setting, tell me where to change or which files to update.
2026-09-23T22:02:48.846Z	five-append	add-setting	10	list_files read_file edit_file	4	model	0	pass	added the key and kept the file valid	config/settings.json	success	2785	389	485	I added "maxBatch": 250 to config/settings.json. File updated: config/settings.json
2026-09-23T22:02:50.331Z	five-search	add-setting	10	list_files read_file edit_file read_file	5	model	0	pass	added the key and kept the file valid	config/settings.json	success	3639	339	466	Done — I added "maxBatch": 250 to config/settings.json. Updated file: config/settings.json - maxBatch: 250 was added.
